Username,Name,Gender,Phone,Email,Branch,Year
111901070,KANONG KINGMEN NONANG,Male,6909739420,kanongkn19.civil@coeptech.ac.in,Civil Engineering,T.Y.B.Tech
112001037,METUNG YANGFO,Female,9785409395,yangfom20.civil@coeptech.ac.in,Civil Engineering,T.Y.B.Tech
112001053,RAJIV NASI,Male,8131083248,nasir20.civil@coeptech.ac.in,Civil Engineering,T.Y.B.Tech
112101001,AJAY BHARAT RINDHE,Male,9325513662,ajaybr21.civil@coeptech.ac.in,Civil Engineering,T.Y.B.Tech
112101003,AJINKYA KADAM,Male,7517562935,ajinkyak21.civil@coeptech.ac.in,Civil Engineering,T.Y.B.Tech
112101005,ARYA SUMANT JADHAV,Male,8767462125,aryasj21.civil@coeptech.ac.in,Civil Engineering,T.Y.B.Tech
112101006,AYUSH KOUL,Male,7510078814,ayushk21.civil@coeptech.ac.in,Civil Engineering,T.Y.B.Tech
112101007,BEZALWAR SARTHAK NIRAJ,Male,8208351629,bezalwarsn21.civil@coeptech.ac.in,Civil Engineering,T.Y.B.Tech
112101008,BHANDKKAR YOGITA TULSHIRAM,Female,9356119427,bhandkkaryt21.civil@coeptech.ac.in,Civil Engineering,T.Y.B.Tech
112101010,BOBHATE SHALVA SANDIP,Male,9922964487,bobhatess21.civil@coeptech.ac.in,Civil Engineering,T.Y.B.Tech
112101011,CHANCHAL ANANDRAO KELWADE,Female,9673056515,chanchalak21.civil@coeptech.ac.in,Civil Engineering,T.Y.B.Tech
112101012,DESHPANDE TANMAYEE NITIN,Female,9420210217,deshpandetn21.civil@coeptech.ac.in,Civil Engineering,T.Y.B.Tech
112101013,DEVANGARE ANJALI ANIL,Female,7972111435,devangareaa21.civil@coeptech.ac.in,Civil Engineering,T.Y.B.Tech
112101014,DHAGE ANJALI SUDHIR,Female,9604755093,dhageas21.civil@coeptech.ac.in,Civil Engineering,T.Y.B.Tech
112101015,GHADIA DEEP NANDLAL,Male,9022476322,ghadiadn21.civil@coeptech.ac.in,Civil Engineering,T.Y.B.Tech
112101016,GUPTA DEVANSH MANOJ,Male,7744977229,guptadm21.civil@coeptech.ac.in,Civil Engineering,T.Y.B.Tech
112101017,HARSHAL VYANKATRAO PANDHARE,Male,7447514817,harshalvp21.civil@coeptech.ac.in,Civil Engineering,T.Y.B.Tech
112101018,HARSHWARDHAN DIXIT,Male,9422182643,harshwardhand21.civil@coeptech.ac.in,Civil Engineering,T.Y.B.Tech
112101019,HRISHIKESH HAJARE,Male,7058137105,hrishikeshh21.civil@coeptech.ac.in,Civil Engineering,T.Y.B.Tech
112101020,ISHITA SUDHIR HUMNABADKAR,Female,9860577696,ishitash21.civil@coeptech.ac.in,Civil Engineering,T.Y.B.Tech
112101021,JADHAV AVINASH DEORAO,Male,8767992190,jadhavad21.civil@coeptech.ac.in,Civil Engineering,T.Y.B.Tech
112101022,JAIN PIYUSH NANDKUMAR,Male,9822142604,jainpn21.civil@coeptech.ac.in,Civil Engineering,T.Y.B.Tech
112101023,KALE ATHARVA GORAKSHANATH,Male,9766267616,kaleag21.civil@coeptech.ac.in,Civil Engineering,T.Y.B.Tech
112101025,KENDRE MAHESH GANGADHARAO,Male,8484047850,kendremg21.civil@coeptech.ac.in,Civil Engineering,T.Y.B.Tech
112101026,KHAIRKAR PURVA PRAMOD,Female,8080013532,khairkarpp21.civil@coeptech.ac.in,Civil Engineering,T.Y.B.Tech
112101027,KHAMBALKAR SUYASH SEWADAS,Male,9421814631,khambalkarss21.civil@coeptech.ac.in,Civil Engineering,T.Y.B.Tech
112101028,KHODKE YASH LAXMAN,Male,7038694318,khodkeyl21.civil@coeptech.ac.in,Civil Engineering,T.Y.B.Tech
112101029,LADDHA GOURAV LAXMIKANT,Male,7410579889,laddhagl21.civil@coeptech.ac.in,Civil Engineering,T.Y.B.Tech
112101030,LAKADE SANDHYA DNYANDEV,Female,9699561383,lakadesd21.civil@coeptech.ac.in,Civil Engineering,T.Y.B.Tech
112101031,LOHAR SANKET BAJRANG,Male,7066079099,loharsb21.civil@coeptech.ac.in,Civil Engineering,T.Y.B.Tech
112101032,LUTE GANESH PUNDLIK,Male,9168529211,lutegp21.civil@coeptech.ac.in,Civil Engineering,T.Y.B.Tech
112101033,MALI ATHARV SADASHIV,Male,9175057351,malias21.civil@coeptech.ac.in,Civil Engineering,T.Y.B.Tech
112101034,MANE SHAMAL BAJARANG,Female,9763019054,manesb21.civil@coeptech.ac.in,Civil Engineering,T.Y.B.Tech
112101035,MANE SUMEDH VYANKAT,Male,9920313107,manesv21.civil@coeptech.ac.in,Civil Engineering,T.Y.B.Tech
112101036,MESTRY JAY RAJESH,Male,8624035723,mestryjr21.civil@coeptech.ac.in,Civil Engineering,T.Y.B.Tech
112101037,NARALE VINOD PRAKASH,Male,9021252766,naralevp21.civil@coeptech.ac.in,Civil Engineering,T.Y.B.Tech
112101038,NAVARKAR UJWAL PRAMOD,Male,9767036520,navarkarup21.civil@coeptech.ac.in,Civil Engineering,T.Y.B.Tech
112101039,NETKE RUSHIKESH RAJENDRA,Male,7218625242,netkerr21.civil@coeptech.ac.in,Civil Engineering,T.Y.B.Tech
112101041,NIKAM SAKSHI BAPUSO,Female,9529942163,nikamsb21.civil@coeptech.ac.in,Civil Engineering,T.Y.B.Tech
112101042,PARSAWAT TEJAS MANOJ,Male,8412085222,parsawattm21.civil@coeptech.ac.in,Civil Engineering,T.Y.B.Tech
112101043,PATIL HARSHADA YUVRAJ,Female,9130197814,patilhy21.civil@coeptech.ac.in,Civil Engineering,T.Y.B.Tech
112101044,PATIL PIYUSH JITESH,Male,9021722994,patilpj21.civil@coeptech.ac.in,Civil Engineering,T.Y.B.Tech
112101045,PATIL RISHIKESH VILAS,Male,9653199664,patilrv21.civil@coeptech.ac.in,Civil Engineering,T.Y.B.Tech
112101046,PATIL RUSHIKESH YUVARAJ,Male,9307282048,patilry21.civil@coeptech.ac.in,Civil Engineering,T.Y.B.Tech
112101047,PATIL SMITA PRAKASH,Female,7410581655,patilsp21.civil@coeptech.ac.in,Civil Engineering,T.Y.B.Tech
112101048,PATIL SWAPNIL DHANANJAY,Male,9022226463,patilsd21.civil@coeptech.ac.in,Civil Engineering,T.Y.B.Tech
112101049,PATIL VAISHNAVI SHARAD,Female,8830645850,patilvs21.civil@coeptech.ac.in,Civil Engineering,T.Y.B.Tech
112101050,PAWAR ADITYA VIKRAM,Male,9503659720,pawarav21.civil@coeptech.ac.in,Civil Engineering,T.Y.B.Tech
112101051,PEMA TSOMU,Female,9347350869,tsomup21.civil@coeptech.ac.in,Civil Engineering,T.Y.B.Tech
112101052,PILLEWAR VAIBHAV RAJESHWAR,Male,7385517544,pillewarvr21.civil@coeptech.ac.in,Civil Engineering,T.Y.B.Tech
112101053,PRASAD GOPAL KUMAR BALRAM,Male,7744066270,prasadgk21.civil@coeptech.ac.in,Civil Engineering,T.Y.B.Tech
112101054,PRATHAMESH DHOMSE,Male,8291190866,prathameshd21.civil@coeptech.ac.in,Civil Engineering,T.Y.B.Tech
112101055,PRATIK ROTHE,Male,9307364263,pratikr21.civil@coeptech.ac.in,Civil Engineering,T.Y.B.Tech
112101056,PRATIMA PRAKASHSINGH RAJPUT,Female,7588810200,pratimapr21.civil@coeptech.ac.in,Civil Engineering,T.Y.B.Tech
112101057,RAMTEKE ANUSHKA AVINASH,Female,7249058287,ramtekeaa21.civil@coeptech.ac.in,Civil Engineering,T.Y.B.Tech
112101058,RAMTEKE ARYAN DINESH,Male,9637314812,ramtekead21.civil@coeptech.ac.in,Civil Engineering,T.Y.B.Tech
112101059,REVATI NAGOSING CHANDEL,Female,7028195393,revatinc21.civil@coeptech.ac.in,Civil Engineering,T.Y.B.Tech
112101061,SAHARE VAISHNAVI BABU,Female,9324202564,saharevb21.civil@coeptech.ac.in,Civil Engineering,T.Y.B.Tech
112101063,SHANTANU KHANANDE,Male,7261907809,shantanuk21.civil@coeptech.ac.in,Civil Engineering,T.Y.B.Tech
112101064,SHINDE ONKAR SHRIKANT,Male,8623835004,shindeos21.civil@coeptech.ac.in,Civil Engineering,T.Y.B.Tech
112101065,SHINDE RADHA SURYAKANT,Female,8767467739,shinders21.civil@coeptech.ac.in,Civil Engineering,T.Y.B.Tech
112101066,SHUBHAM HANSRAJ AVHAD,Male,8862036657,shubhamha21.civil@coeptech.ac.in,Civil Engineering,T.Y.B.Tech
112101067,SHWETGOURI SHIVAJIRAO JADHAV,Female,9699625071,shwetgourisj21.civil@coeptech.ac.in,Civil Engineering,T.Y.B.Tech
112101068,SOMANI SANKALP ATUL,Male,9022009282,somanisa21.civil@coeptech.ac.in,Civil Engineering,T.Y.B.Tech
112101069,SUDE MAYURI BHALCHANDRA,Female,9356445423,sudemb21.civil@coeptech.ac.in,Civil Engineering,T.Y.B.Tech
112101071,TIRPUDE OJAS KARTIK,Male,7447858457,tirpudeok21.civil@coeptech.ac.in,Civil Engineering,T.Y.B.Tech
112101073,VARUN GUPTA,Male,9103057029,varung21.civil@coeptech.ac.in,Civil Engineering,T.Y.B.Tech
112101074,WAGHMARE ARYAN SHASHIKANT,Male,9326348907,waghmareas21.civil@coeptech.ac.in,Civil Engineering,T.Y.B.Tech
112101075,WANKHADE SAHIL PRADNYAKAR,Male,7021119078,wankhadesp21.civil@coeptech.ac.in,Civil Engineering,T.Y.B.Tech
112101076,SALVE SIDDHANT MILINDKUMAR,Male,9975834512,salvesm21.civil@coeptech.ac.in,Civil Engineering,T.Y.B.Tech
142201001,ATHARVA LOKHANDE,Male,7021812012,atharval22.civil@coeptech.ac.in,Civil Engineering,T.Y.B.Tech
142201002,DHANGAR SACHIN VINOD,Male,7499372400,dhangarsv22.civil@coeptech.ac.in,Civil Engineering,T.Y.B.Tech
142201003,MAGAR KIRTI DINESH,Female,8624902573,magarkd22.civil@coeptech.ac.in,Civil Engineering,T.Y.B.Tech
142201004,PAKHALE PRERANA SANJAY,Female,7887641912,pakhaleps22.civil@coeptech.ac.in,Civil Engineering,T.Y.B.Tech
142201005,SASTE SHIVRAJ RAMESH,Male,7841912705,sastesr22.civil@coeptech.ac.in,Civil Engineering,T.Y.B.Tech
142201006,ZOTING SAYALI SHARAD,Female,7385142801,zotingss22.civil@coeptech.ac.in,Civil Engineering,T.Y.B.Tech
142201007,DINDE KEDAR VIJAY,Male,9561181302,dindekv22.civil@coeptech.ac.in,Civil Engineering,T.Y.B.Tech
142201008,MANE ANUSHKA VIJAYKUMAR,Female,8291675754,maneav22.civil@coeptech.ac.in,Civil Engineering,T.Y.B.Tech
142201009,Zahid Rashid,Male,6006929002,zahidr22.civil@coeptech.ac.in,Civil Engineering,T.Y.B.Tech
111903060,PRACHI RANGNATH BHANDKOLI,Female,9657383387,bhandkolipr19.comp@coeptech.ac.in,Computer Engineering,T.Y.B.Tech
112103001,AARYA ROHIT KAWALAY,Female,9623451448,aaryark21.comp@coeptech.ac.in,Computer Engineering,T.Y.B.Tech
112103002,AAYUSH SHRIKANT ATHAWALE,Male,9307099927,aayushsa21.comp@coeptech.ac.in,Computer Engineering,T.Y.B.Tech
112103003,ABHANG ANUJ PRAVIN,Male,9769517691,abhangap21.comp@coeptech.ac.in,Computer Engineering,T.Y.B.Tech
112103004,ABHINAV KURULE,Male,8451956173,abhinavk21.comp@coeptech.ac.in,Computer Engineering,T.Y.B.Tech
112103006,AISHWARYA PRAKASH KOLI,Female,9110491086,aishwaryapk21.comp@coeptech.ac.in,Computer Engineering,T.Y.B.Tech
112103007,AJABE VISHAL ASHOK,Male,7620873431,ajabeva21.comp@coeptech.ac.in,Computer Engineering,T.Y.B.Tech
112103008,AMAAN NAYEEM JAMADAR,Male,9967164734,amaannj21.comp@coeptech.ac.in,Computer Engineering,T.Y.B.Tech
112103009,ANANTA DINESH HATWAR,Male,7820990713,anantadh21.comp@coeptech.ac.in,Computer Engineering,T.Y.B.Tech
112103011,ANUSHKA VINOD MORE,Female,7666968126,anushkavm21.comp@coeptech.ac.in,Computer Engineering,T.Y.B.Tech
112103012,APTE MOHIT PARAG,Male,9112009923,aptemp21.comp@coeptech.ac.in,Computer Engineering,T.Y.B.Tech
112103013,ARU PAWAN JAGANNATH,Male,9130675643,arupj21.comp@coeptech.ac.in,Computer Engineering,T.Y.B.Tech
112103014,ARYAN SHIRISH THAKRE,Male,7718926095,aryanst21.comp@coeptech.ac.in,Computer Engineering,T.Y.B.Tech
112103015,ATHARVA ASHUTOSH MUTSADDI,Male,7038877445,atharvaam21.comp@coeptech.ac.in,Computer Engineering,T.Y.B.Tech
112103016,AYUSH SAGAR AMBHORKAR,Male,7290958362,ayushsa21.comp@coeptech.ac.in,Computer Engineering,T.Y.B.Tech
112103017,BADARKHE HARIOM DNYANESHWAR,Male,8208777594,badarkhehd21.comp@coeptech.ac.in,Computer Engineering,T.Y.B.Tech
112103018,BADGUJAR VAISHNAVI RAVINDRA,Female,9421515858,badgujarvr21.comp@coeptech.ac.in,Computer Engineering,T.Y.B.Tech
112103019,BAVISKAR ADITYA PRAMOD,Male,8329689701,baviskarap21.comp@coeptech.ac.in,Computer Engineering,T.Y.B.Tech
112103020,BHAGYASHREE LOMESH PATIL,Female,9422309680,bhagyashreelp21.comp@coeptech.ac.in,Computer Engineering,T.Y.B.Tech
112103021,BHARGAVA DAKSHA NEERAJ,Female,7774940044,bhargavadn21.comp@coeptech.ac.in,Computer Engineering,T.Y.B.Tech
112103022,BHATKHANDE SHREYA SANDEEP,Female,9067624102,bhatkhandess21.comp@coeptech.ac.in,Computer Engineering,T.Y.B.Tech
112103023,BHOPALE SNEHAL PANDURANG,Female,9764240281,bhopalesp21.comp@coeptech.ac.in,Computer Engineering,T.Y.B.Tech
112103024,BHOSALE ABHIJEET AVINASH,Male,9822601177,bhosaleaa21.comp@coeptech.ac.in,Computer Engineering,T.Y.B.Tech
112103025,BHOSALE PARAS CHANDRAKANT,Male,8237441543,bhosalepc21.comp@coeptech.ac.in,Computer Engineering,T.Y.B.Tech
112103026,BONGIRWAR YASH MILIND,Male,8830507076,bongirwarym21.comp@coeptech.ac.in,Computer Engineering,T.Y.B.Tech
112103027,BOSE SNEHASISH SUBRATO,Male,9890200463,bosess21.comp@coeptech.ac.in,Computer Engineering,T.Y.B.Tech
112103028,CHAUDHARI VIPUL SANJAY,Male,8850852909,chaudharivs21.comp@coeptech.ac.in,Computer Engineering,T.Y.B.Tech
112103029,CHIDRAWAR KRISHNA GAJANAN,Male,9373005804,chidrawarkg21.comp@coeptech.ac.in,Computer Engineering,T.Y.B.Tech
112103030,CHOUDHARY ADITYA PRASHANT,Male,7276333039,choudharyap21.comp@coeptech.ac.in,Computer Engineering,T.Y.B.Tech
112103031,DATAR PRANAV PARAG,Male,7773960421,datarpp21.comp@coeptech.ac.in,Computer Engineering,T.Y.B.Tech
112103032,DEOLEKAR SHRAVANI SUNIL,Female,7820908113,deolekarss21.comp@coeptech.ac.in,Computer Engineering,T.Y.B.Tech
112103033,DESHMUKH HARSHWARDHAN RAJENDRA,Male,9823278522,deshmukhhr21.comp@coeptech.ac.in,Computer Engineering,T.Y.B.Tech
112103034,DESHMUKH NACHIKET SUNIL,Male,7447766663,deshmukhns21.comp@coeptech.ac.in,Computer Engineering,T.Y.B.Tech
112103035,DEVANSHU DINESH GUPTA,Male,9922066888,devanshudg21.comp@coeptech.ac.in,Computer Engineering,T.Y.B.Tech
112103036,DHARMADHIKARI VEDANG PADMANABH,Male,8239656452,dharmadhikarivp21.comp@coeptech.ac.in,Computer Engineering,T.Y.B.Tech
112103037,DIVYANSH WANGNUE,Male,7498698168,divyanshw21.comp@coeptech.ac.in,Computer Engineering,T.Y.B.Tech
112103038,DIWANE YASH YOGESH,Male,8788945448,diwaneyy21.comp@coeptech.ac.in,Computer Engineering,T.Y.B.Tech
112103039,DODKE GAURISH SHAILENDRA,Male,7083805400,dodkegs21.comp@coeptech.ac.in,Computer Engineering,T.Y.B.Tech
112103040,DORAGE SOHAM SHRIKANT,Male,9975675982,doragess21.comp@coeptech.ac.in,Computer Engineering,T.Y.B.Tech
112103041,DUDHALE VEDANT SANDIP,Male,9146062720,dudhalevs21.comp@coeptech.ac.in,Computer Engineering,T.Y.B.Tech
112103042,GANJI SHREEYA CHANDRAKANT,Female,9730872295,ganjisc21.comp@coeptech.ac.in,Computer Engineering,T.Y.B.Tech
112103043,GARUDKAR VED VASANT,Male,9404278228,garudkarvv21.comp@coeptech.ac.in,Computer Engineering,T.Y.B.Tech
112103044,GAWATE TEJAS SHIVAJI,Male,8010970521,gawatets21.comp@coeptech.ac.in,Computer Engineering,T.Y.B.Tech
112103045,GORE UTKARSHA UTTAM,Female,7057515599,goreuu21.comp@coeptech.ac.in,Computer Engineering,T.Y.B.Tech
112103046,GUPTA SHUBHAM SACHIN,Male,7769069904,guptass21.comp@coeptech.ac.in,Computer Engineering,T.Y.B.Tech
112103047,GUPTE SOHAM MANDAR,Male,9769077340,guptesm21.comp@coeptech.ac.in,Computer Engineering,T.Y.B.Tech
112103048,HAMAND SHRIKANT VIJAY,Male,9373271341,hamandsv21.comp@coeptech.ac.in,Computer Engineering,T.Y.B.Tech
112103049,HASPE APURVA KIRAN,Female,9321628078,haspeak21.comp@coeptech.ac.in,Computer Engineering,T.Y.B.Tech
112103050,INGLE ADITYA JAGANNATH,Male,9356606727,ingleaj21.comp@coeptech.ac.in,Computer Engineering,T.Y.B.Tech
112103051,INGLE ANJALI GAJANAN,Female,9822869181,ingleag21.comp@coeptech.ac.in,Computer Engineering,T.Y.B.Tech
112103052,JADHAV PRANJALI PRAVIN,Female,8149101637,jadhavpp21.comp@coeptech.ac.in,Computer Engineering,T.Y.B.Tech
112103053,JAMKHANDE ANVI AMOL,Female,7020862131,jamkhandeaa21.comp@coeptech.ac.in,Computer Engineering,T.Y.B.Tech
112103054,JATHAR SPANDAN PRABHAKAR,Male,9112786335,jatharsp21.comp@coeptech.ac.in,Computer Engineering,T.Y.B.Tech
112103055,JAYBHAY BHAKTI VIJAY,Female,7972423849,jaybhaybv21.comp@coeptech.ac.in,Computer Engineering,T.Y.B.Tech
112103056,JEDGULE TEJAS SOMESHWAR,Male,9322475073,jedgulets21.comp@coeptech.ac.in,Computer Engineering,T.Y.B.Tech
112103057,JIA JOHNSON,Female,8424938456,jiaj21.comp@coeptech.ac.in,Computer Engineering,T.Y.B.Tech
112103058,JORVEKAR MANAS RAVINDRA,Male,8356067769,jorvekarmr21.comp@coeptech.ac.in,Computer Engineering,T.Y.B.Tech
112103059,JOSHI ANVAY DHANANJAY,Male,8888424146,joshiad21.comp@coeptech.ac.in,Computer Engineering,T.Y.B.Tech
112103060,JOSHI TEJAL SHAILESH,Female,8380039768,joshits21.comp@coeptech.ac.in,Computer Engineering,T.Y.B.Tech
112103061,JOSHI VADIRAJ SANDEEP,Male,9881604437,joshivs21.comp@coeptech.ac.in,Computer Engineering,T.Y.B.Tech
112103062,JUGALE ABHINANDAN RAJU,Male,8263917908,jugalear21.comp@coeptech.ac.in,Computer Engineering,T.Y.B.Tech
112103063,KAKADE ABHISHEK RAJENDRA,Male,8329511746,kakadear21.comp@coeptech.ac.in,Computer Engineering,T.Y.B.Tech
112103064,KALE KETAN PARAG,Male,9763851889,kalekp21.comp@coeptech.ac.in,Computer Engineering,T.Y.B.Tech
112103065,KALE SHRIYA RAJU,Female,7219409700,kalesr21.comp@coeptech.ac.in,Computer Engineering,T.Y.B.Tech
112103066,KAMBLE SUMITRA SANTOSH,Female,8793299298,kambless21.comp@coeptech.ac.in,Computer Engineering,T.Y.B.Tech
112103067,KAMDI HIMANSHU SUNIL,Male,9028823097,kamdihs21.comp@coeptech.ac.in,Computer Engineering,T.Y.B.Tech
112103068,KAUSTUBH VIRKAR,Male,8652121785,kaustubhv21.comp@coeptech.ac.in,Computer Engineering,T.Y.B.Tech
112103069,KENDRE OM SANTOSH,Male,8459815112,kendreos21.comp@coeptech.ac.in,Computer Engineering,T.Y.B.Tech
112103070,KHEDEKAR VEDANG PRASHANT,Male,9326427605,khedekarvp21.comp@coeptech.ac.in,Computer Engineering,T.Y.B.Tech
112103071,KHEMNAR SANCHIT THAKAJI,Male,9359782521,khemnarst21.comp@coeptech.ac.in,Computer Engineering,T.Y.B.Tech
112103072,KOKALE NIKHIL BALASAHEB,Male,9623258457,kokalenb21.comp@coeptech.ac.in,Computer Engineering,T.Y.B.Tech
112103073,KOKATE DHANANJAY SANJAY,Male,9579328280,kokateds21.comp@coeptech.ac.in,Computer Engineering,T.Y.B.Tech
112103074,KOUL ANUKSHA AJAY,Female,9833290170,koulaa21.comp@coeptech.ac.in,Computer Engineering,T.Y.B.Tech
112103075,KULKARNI AMEYA GIRISH,Male,8657525647,kulkarniag21.comp@coeptech.ac.in,Computer Engineering,T.Y.B.Tech
112103076,KUMTHEKAR SOHAM SUNIL,Male,7385219853,kumthekarss21.comp@coeptech.ac.in,Computer Engineering,T.Y.B.Tech
112103077,LANDE PRANAV VISHWAS,Male,9373208463,landepv21.comp@coeptech.ac.in,Computer Engineering,T.Y.B.Tech
112103078,LOKHANDE JAYKUMAR ASHOK,Male,9767346695,lokhandeja21.comp@coeptech.ac.in,Computer Engineering,T.Y.B.Tech
112103079,LONHARI ATHARVA PARAG,Male,7721981559,lonhariap21.comp@coeptech.ac.in,Computer Engineering,T.Y.B.Tech
112103080,MADAVI PAYAL SUNIL,Female,9420947728,madavips21.comp@coeptech.ac.in,Computer Engineering,T.Y.B.Tech
112103081,MAHAJAN ATHARV ASHOK,Male,9403865351,mahajanaa21.comp@coeptech.ac.in,Computer Engineering,T.Y.B.Tech
112103082,MAHURE ANAGHA PRAFULLA,Female,7083258634,mahureap21.comp@coeptech.ac.in,Computer Engineering,T.Y.B.Tech
112103083,MAKESHWAR SAHIL KISHOR,Male,8080824232,makeshwarsk21.comp@coeptech.ac.in,Computer Engineering,T.Y.B.Tech
112103084,MAKNOJIA ARSH AJIJBHAI,Male,8850367659,maknojiaaa21.comp@coeptech.ac.in,Computer Engineering,T.Y.B.Tech
112103085,MANE PARTH SANJAY,Male,7058473945,maneps21.comp@coeptech.ac.in,Computer Engineering,T.Y.B.Tech
112103086,MANTHAN KSHETRAPAL,Male,9699107558,manthank21.comp@coeptech.ac.in,Computer Engineering,T.Y.B.Tech
112103087,MARKE HARSH DIPAK,Male,7559285730,markehd21.comp@coeptech.ac.in,Computer Engineering,T.Y.B.Tech
112103088,MISAL ABHAY BALASAHEB,Male,9172683041,misalab21.comp@coeptech.ac.in,Computer Engineering,T.Y.B.Tech
112103089,MORE AVANTI DIPAK,Female,9623013512,moread21.comp@coeptech.ac.in,Computer Engineering,T.Y.B.Tech
112103090,MULANGE TEJAS SHIVAJI,Male,9112323004,mulangets21.comp@coeptech.ac.in,Computer Engineering,T.Y.B.Tech
112103091,MUNDADA VARDHAN AJAY,Male,9404468166,mundadava21.comp@coeptech.ac.in,Computer Engineering,T.Y.B.Tech
112103092,NAGWEKAR OMKAR SUHAS,Male,9969020353,nagwekaros21.comp@coeptech.ac.in,Computer Engineering,T.Y.B.Tech
112103093,NAIGAONKAR SOHAM NILESH,Male,8623021498,naigaonkarsn21.comp@coeptech.ac.in,Computer Engineering,T.Y.B.Tech
112103094,NANDAN SHARMA,Male,7780997832,nandans21.comp@coeptech.ac.in,Computer Engineering,T.Y.B.Tech
112103095,NANDAVANE HARSHAL YUVRAJ,Male,8329300269,nandavanehy21.comp@coeptech.ac.in,Computer Engineering,T.Y.B.Tech
112103096,NAREWADIKAR MAYURESH MILIND,Male,9119553127,narewadikarmm21.comp@coeptech.ac.in,Computer Engineering,T.Y.B.Tech
112103097,NARWADE TANAYA NITINKUMAR,Female,9503474415,narwadetn21.comp@coeptech.ac.in,Computer Engineering,T.Y.B.Tech
112103098,NAZRE RUKMINI AVINASH,Female,7888032311,nazrera21.comp@coeptech.ac.in,Computer Engineering,T.Y.B.Tech
112103099,OAK OMKAR SUHAS,Male,7796699872,oakos21.comp@coeptech.ac.in,Computer Engineering,T.Y.B.Tech
112103100,PADALKAR RENUKA PRAVEEN,Female,9175941968,padalkarrp21.comp@coeptech.ac.in,Computer Engineering,T.Y.B.Tech
112103101,PATHADE UJJWAL RAVINDRA,Male,8766405060,pathadeur21.comp@coeptech.ac.in,Computer Engineering,T.Y.B.Tech
112103102,PATHAN JISHAN JAHANGIR,Male,8668291232,pathanjj21.comp@coeptech.ac.in,Computer Engineering,T.Y.B.Tech
112103103,PATIL ANANT SUNILKUMAR,Male,7058171008,patilas21.comp@coeptech.ac.in,Computer Engineering,T.Y.B.Tech
112103104,PATIL DIGVIJAY DATTATRAY,Male,8956101495,patildd21.comp@coeptech.ac.in,Computer Engineering,T.Y.B.Tech
112103105,PATIL JANHAVI VINAY,Female,9021706923,patiljv21.comp@coeptech.ac.in,Computer Engineering,T.Y.B.Tech
112103106,PATIL PRITI ARVIND,Female,8788264203,patilpa21.comp@coeptech.ac.in,Computer Engineering,T.Y.B.Tech
112103107,PATIL SHRAVANI SANDEEP,Female,9284251371,patilss21.comp@coeptech.ac.in,Computer Engineering,T.Y.B.Tech
112103108,PAWAR ANURAG SATISH,Male,7385457280,pawaras21.comp@coeptech.ac.in,Computer Engineering,T.Y.B.Tech
112103109,PHAND SHARVARI HEMANT,Female,8767216174,phandsh21.comp@coeptech.ac.in,Computer Engineering,T.Y.B.Tech
112103110,PIMPLE SIDDHANT VIJAY,Male,9422033978,pimplesv21.comp@coeptech.ac.in,Computer Engineering,T.Y.B.Tech
112103111,PORE PRATIMA SIDDHANATH,Female,9594066383,poreps21.comp@coeptech.ac.in,Computer Engineering,T.Y.B.Tech
112103112,PRATIK ISHWARDAS KOLHE,Male,9359273462,pratikik21.comp@coeptech.ac.in,Computer Engineering,T.Y.B.Tech
112103113,RAJMANE SANCHIT NILKANTH,Male,7304866888,rajmanesn21.comp@coeptech.ac.in,Computer Engineering,T.Y.B.Tech
112103114,RASKAR ADITYA DNYANESHWAR,Male,7058095415,raskarad21.comp@coeptech.ac.in,Computer Engineering,T.Y.B.Tech
112103116,RITIKA KHER,Female,9086037337,ritikak21.comp@coeptech.ac.in,Computer Engineering,T.Y.B.Tech
112103117,RUJUTA ANIL BUDKE,Female,9764597470,rujutaab21.comp@coeptech.ac.in,Computer Engineering,T.Y.B.Tech
112103118,SAHANE SANDESH SUKADEO,Male,7340414303,sahaness21.comp@coeptech.ac.in,Computer Engineering,T.Y.B.Tech
112103119,SAHIL DESHPANDE,Male,9423105486,sahild21.comp@coeptech.ac.in,Computer Engineering,T.Y.B.Tech
112103120,SALUNKE OMKAR SANDIP,Male,9922641471,salunkeos21.comp@coeptech.ac.in,Computer Engineering,T.Y.B.Tech
112103121,SALVI NATASHA NILESH,Female,7743869310,salvinn21.comp@coeptech.ac.in,Computer Engineering,T.Y.B.Tech
112103122,SAMARTH DIGAMBAR KANWATE,Male,7058330022,samarthdk21.comp@coeptech.ac.in,Computer Engineering,T.Y.B.Tech
112103123,SANSKRITI PANDEY,Female,7470320091,sanskritip21.comp@coeptech.ac.in,Computer Engineering,T.Y.B.Tech
112103124,SARVADE ARYAN ANAND,Male,9763929250,sarvadeaa21.comp@coeptech.ac.in,Computer Engineering,T.Y.B.Tech
112103125,SAWALE AVANTIKA BALASAHEB,Female,9022693801,sawaleab21.comp@coeptech.ac.in,Computer Engineering,T.Y.B.Tech
112103126,SAYKAR REWA RAHUL,Female,9767781388,saykarrr21.comp@coeptech.ac.in,Computer Engineering,T.Y.B.Tech
112103127,SAYYAD AMAN ASLAM,Male,9673632003,sayyadaa21.comp@coeptech.ac.in,Computer Engineering,T.Y.B.Tech
112103128,SHAH AVANI ANUP,Female,7410539520,shahaa21.comp@coeptech.ac.in,Computer Engineering,T.Y.B.Tech
112103129,SHAH BHUSHAN SANTOSH,Male,7972794835,shahbs21.comp@coeptech.ac.in,Computer Engineering,T.Y.B.Tech
112103130,SHARAYU MILIND KADAM,Female,7588189602,sharayumk21.comp@coeptech.ac.in,Computer Engineering,T.Y.B.Tech
112103131,SHELAKE INDRAJEET VIJAY,Male,8511283365,shelakeiv21.comp@coeptech.ac.in,Computer Engineering,T.Y.B.Tech
112103132,SHENDE RUTUJA BABASAHEB,Female,7447709940,shenderb21.comp@coeptech.ac.in,Computer Engineering,T.Y.B.Tech
112103133,SHIKALGAR SANA SALAHUDDIN,Female,8788079272,shikalgarss21.comp@coeptech.ac.in,Computer Engineering,T.Y.B.Tech
112103134,SHINDE ABHISHEK ANIL,Male,7057870097,shindeaa21.comp@coeptech.ac.in,Computer Engineering,T.Y.B.Tech
112103136,SHREYASH ANANT THOK,Male,9975842916,shreyashat21.comp@coeptech.ac.in,Computer Engineering,T.Y.B.Tech
112103137,SHRUTI RAVICHANDRAN,Female,9730458574,shrutir21.comp@coeptech.ac.in,Computer Engineering,T.Y.B.Tech
112103138,SIDHESH SATYAWAN LAWANGARE,Male,9958748055,sidheshsl21.comp@coeptech.ac.in,Computer Engineering,T.Y.B.Tech
112103139,SIMRAN SANJAY VEER,Female,7262843661,simransv21.comp@coeptech.ac.in,Computer Engineering,T.Y.B.Tech
112103140,SINHA RASHI SANTOSH,Female,8468802799,sinhars21.comp@coeptech.ac.in,Computer Engineering,T.Y.B.Tech
112103142,SUBU MUSKAN,Female,8259886081,subum21.comp@coeptech.ac.in,Computer Engineering,T.Y.B.Tech
112103143,SUGADARE SACHIN GANESH,Male,7350987703,sugadaresg21.comp@coeptech.ac.in,Computer Engineering,T.Y.B.Tech
112103144,TAKARKHEDE GAURI RAJESH,Female,8600470730,takarkhedegr21.comp@coeptech.ac.in,Computer Engineering,T.Y.B.Tech
112103145,TALEKAR VEDANG PRASAD,Male,9137007498,talekarvp21.comp@coeptech.ac.in,Computer Engineering,T.Y.B.Tech
112103147,THAKUR VAISHNAVI KAILAS SING,Female,7620051949,thakurvk21.comp@coeptech.ac.in,Computer Engineering,T.Y.B.Tech
112103148,THORAT SIDDHI PRAMOD,Female,9022563582,thoratsp21.comp@coeptech.ac.in,Computer Engineering,T.Y.B.Tech
112103149,THORAT SUJIT SITARAM,Male,8767198259,thoratss21.comp@coeptech.ac.in,Computer Engineering,T.Y.B.Tech
112103150,TIPLE SHIRSHAK KAILASH,Male,9373554188,tiplesk21.comp@coeptech.ac.in,Computer Engineering,T.Y.B.Tech
112103151,TONAPI SIDDHANT SANDEEP,Male,8149006115,tonapiss21.comp@coeptech.ac.in,Computer Engineering,T.Y.B.Tech
112103152,TORKAD ROHIT BHAURAO,Male,7219607636,torkadrb21.comp@coeptech.ac.in,Computer Engineering,T.Y.B.Tech
112103153,TUPE OMKAR MACHHINDRA,Male,9860346542,tupeom21.comp@coeptech.ac.in,Computer Engineering,T.Y.B.Tech
112103154,UGALE PUSHKAR RAJENDRA,Male,8275900377,ugalepr21.comp@coeptech.ac.in,Computer Engineering,T.Y.B.Tech
112103155,VIRAJ GANDHI,Male,9423180565,virajg21.comp@coeptech.ac.in,Computer Engineering,T.Y.B.Tech
112103156,WAGHCHAURE ABHIJEET SAMPAT,Male,9529567057,waghchaureas21.comp@coeptech.ac.in,Computer Engineering,T.Y.B.Tech
112103157,YADAV SHREYA SANJAY,Female,9172586400,yadavss21.comp@coeptech.ac.in,Computer Engineering,T.Y.B.Tech
112103158,YEOTIWAD SHAILESH LAXMAN,Male,8055520138,yeotiwadsl21.comp@coeptech.ac.in,Computer Engineering,T.Y.B.Tech
112103159,YEWALE PARTH MILIND,Male,9130065540,yewalepm21.comp@coeptech.ac.in,Computer Engineering,T.Y.B.Tech
112103160,TRIVEDI PREET DHARTI,Female,8788748705,trivedipd21.comp@coeptech.ac.in,Computer Engineering,T.Y.B.Tech
112107043,PANDE VIBHAV JAYANT,Male,8605670022,pandevj21.comp@coeptech.ac.in,Computer Engineering,T.Y.B.Tech
112110079,MULIK VAISHNAVI HEMANT,Female,8999702637,mulikvh21.comp@coeptech.ac.in,Computer Engineering,T.Y.B.Tech
142103006,GAVIT VIGHANESH SAHEBRAO,Male,9594095314,gavitvs21.comp@coeptech.ac.in,Computer Engineering,T.Y.B.Tech
142203001,AGAWANE PRATHAMESH PRAKASH,Male,7097097003,agawanepp22.comp@coeptech.ac.in,Computer Engineering,T.Y.B.Tech
142203002,BARGIR SOHEL SHAMSHUDDIN,Male,8080542518,bargirss22.comp@coeptech.ac.in,Computer Engineering,T.Y.B.Tech
142203003,CHINMAY MILIND SHETH,Male,8805221133,chinmayms22.comp@coeptech.ac.in,Computer Engineering,T.Y.B.Tech
142203004,DHOND PRATYAY PRASAD,Male,9022137587,dhondpp22.comp@coeptech.ac.in,Computer Engineering,T.Y.B.Tech
142203005,DOMBALE SOHAM SHASHIKANT,Male,7447381554,dombaless22.comp@coeptech.ac.in,Computer Engineering,T.Y.B.Tech
142203008,INGALE RUTUJA PRABUDDHA,Female,9730739707,ingalerp22.comp@coeptech.ac.in,Computer Engineering,T.Y.B.Tech
142203009,JANHAVI GANPAT THIKEKAR,Female,9975610350,janhavigt22.comp@coeptech.ac.in,Computer Engineering,T.Y.B.Tech
142203010,KAMBLE AVDHUT AKASH,Male,8605677177,kambleaa22.comp@coeptech.ac.in,Computer Engineering,T.Y.B.Tech
142203011,KULKARNI SANIKA DILIP,Female,9987709909,kulkarnisd22.comp@coeptech.ac.in,Computer Engineering,T.Y.B.Tech
142203012,KULKARNI SARVESH ANANT,Male,8668446202,kulkarnisa22.comp@coeptech.ac.in,Computer Engineering,T.Y.B.Tech
142203013,MANKAR SARVESH ANAND,Male,8208419540,mankarsa22.comp@coeptech.ac.in,Computer Engineering,T.Y.B.Tech
142203014,MUKHMALE TEJAS DAYARAM,Male,9689039768,mukhmaletd22.comp@coeptech.ac.in,Computer Engineering,T.Y.B.Tech
142203015,PATIL PRASAD BHARAT,Male,9146866355,patilpb22.comp@coeptech.ac.in,Computer Engineering,T.Y.B.Tech
142203016,RAUL ADITYA SHASHIKANT,Male,9970861551,raulas22.comp@coeptech.ac.in,Computer Engineering,T.Y.B.Tech
142203017,SAKSHI MAHAJAN,Female,8459993199,sakshim22.comp@coeptech.ac.in,Computer Engineering,T.Y.B.Tech
142203018,WAGH ONKAR SATISH,Male,9623249185,waghos22.comp@coeptech.ac.in,Computer Engineering,T.Y.B.Tech
111905073,YOMDA ORI,Male,9612183885,yomdao19.elec@coeptech.ac.in,Electrical Engineering,T.Y.B.Tech
112101062,SHAIKH JUNAID ASLAM,Male,8600750070,shaikhja21.elec@coeptech.ac.in,Electrical Engineering,T.Y.B.Tech
112105001,AAKANKSHA SHRINIVAS ADONI,Female,9021515791,aakankshasa21.elec@coeptech.ac.in,Electrical Engineering,T.Y.B.Tech
112105002,AGRE RUPALI BHAIRU,Female,8468837154,agrerb21.elec@coeptech.ac.in,Electrical Engineering,T.Y.B.Tech
112105003,ANISH PANDITH,Male,6005573756,anishp21.elec@coeptech.ac.in,Electrical Engineering,T.Y.B.Tech
112105004,ARYAN KANSE,Male,7498717178,aryank21.elec@coeptech.ac.in,Electrical Engineering,T.Y.B.Tech
112105005,ATHARVA RAVINDRA JOSHI,Male,7666577457,atharvarj21.elec@coeptech.ac.in,Electrical Engineering,T.Y.B.Tech
112105006,AWCHAR DARSHANSINGH KAWARSINGH,Male,7666976643,awchardk21.elec@coeptech.ac.in,Electrical Engineering,T.Y.B.Tech
112105007,BAGADE ABHISHEK VIJAY,Male,9022891432,bagadeav21.elec@coeptech.ac.in,Electrical Engineering,T.Y.B.Tech
112105008,BAGAL DIVYA RAMKRISHNA,Female,7588941168,bagaldr21.elec@coeptech.ac.in,Electrical Engineering,T.Y.B.Tech
112105009,BEHARE PRAJWAL RAJENDRA,Male,8767854437,beharepr21.elec@coeptech.ac.in,Electrical Engineering,T.Y.B.Tech
112105010,BHAGWAT ANUJA AVINASH,Female,8208536352,bhagwataa21.elec@coeptech.ac.in,Electrical Engineering,T.Y.B.Tech
112105011,BHAGWAT ATHARVA ULHAS,Male,7517457467,bhagwatau21.elec@coeptech.ac.in,Electrical Engineering,T.Y.B.Tech
112105015,DHAIT ANIKET GIRISH,Male,7083855116,dhaitag21.elec@coeptech.ac.in,Electrical Engineering,T.Y.B.Tech
112105016,DIKKAR RUSHIKESH GOPAL,Male,9579226373,dikkarrg21.elec@coeptech.ac.in,Electrical Engineering,T.Y.B.Tech
112105017,GACCHE SANCHI MILIND,Female,8767312346,gacchesm21.elec@coeptech.ac.in,Electrical Engineering,T.Y.B.Tech
112105018,GADEKAR SAKSHI BHASKAR,Female,9881515787,gadekarsb21.elec@coeptech.ac.in,Electrical Engineering,T.Y.B.Tech
112105019,GAGANDEEP,Male,8493025302,gagandeep21.elec@coeptech.ac.in,Electrical Engineering,T.Y.B.Tech
112105020,GAJANKUSH NIKIL VIJAY,Male,8999210421,gajankushnv21.elec@coeptech.ac.in,Electrical Engineering,T.Y.B.Tech
112105021,GHADGE TANISHQ CHANDRAKANT,Male,8766942945,ghadgetc21.elec@coeptech.ac.in,Electrical Engineering,T.Y.B.Tech
112105022,GHAYTIDAK SHIVRAJ MANOHAR,Male,8329618327,ghaytidaksm21.elec@coeptech.ac.in,Electrical Engineering,T.Y.B.Tech
112105023,GHEJI SANJAY KASHAPA,Male,7499575023,ghejisk21.elec@coeptech.ac.in,Electrical Engineering,T.Y.B.Tech
112105024,GIRASE MOHIT RANJITSINGH,Male,7499078140,girasemr21.elec@coeptech.ac.in,Electrical Engineering,T.Y.B.Tech
112105025,GODBOLE ATHARVA VINAY,Male,7798107682,godboleav21.elec@coeptech.ac.in,Electrical Engineering,T.Y.B.Tech
112105026,HOLKAR SUMIT SUDHAKAR,Male,7507544323,holkarss21.elec@coeptech.ac.in,Electrical Engineering,T.Y.B.Tech
112105027,INGALE YASHWANT RAJENDRA,Male,9373929240,ingaleyr21.elec@coeptech.ac.in,Electrical Engineering,T.Y.B.Tech
112105028,JAWALE SAMEER SANJAY,Male,7720906474,jawaless21.elec@coeptech.ac.in,Electrical Engineering,T.Y.B.Tech
112105029,KADAM VAISHNAVEE JAYSING,Female,8421753402,kadamvj21.elec@coeptech.ac.in,Electrical Engineering,T.Y.B.Tech
112105032,KHAN IBRAHIM ANWAR,Male,7219032568,khania21.elec@coeptech.ac.in,Electrical Engineering,T.Y.B.Tech
112105034,KHILARI JAGJIT MARUTI,Male,8451943101,khilarijm21.elec@coeptech.ac.in,Electrical Engineering,T.Y.B.Tech
112105035,KHUSHI GUPTA,Female,7977793064,khushig21.elec@coeptech.ac.in,Electrical Engineering,T.Y.B.Tech
112105036,KULKARNI ATHARVA MAHESH,Male,8956217124,kulkarniam21.elec@coeptech.ac.in,Electrical Engineering,T.Y.B.Tech
112105037,LOKHANDE ANURAG GANESH,Male,7709271496,lokhandeag21.elec@coeptech.ac.in,Electrical Engineering,T.Y.B.Tech
112105038,MALAY KHARE,Male,9324754804,malayk21.elec@coeptech.ac.in,Electrical Engineering,T.Y.B.Tech
112105039,MALI SIDDHI DEVENDRA,Female,9421115111,malisd21.elec@coeptech.ac.in,Electrical Engineering,T.Y.B.Tech
112105040,MANE SANDHYARANI RAMDAS,Female,9307096264,manesr21.elec@coeptech.ac.in,Electrical Engineering,T.Y.B.Tech
112105041,MORE SUYASH BHASKAR,Male,7722060660,moresb21.elec@coeptech.ac.in,Electrical Engineering,T.Y.B.Tech
112105042,NAMDE APURVA CHITTARANJAN,Female,8329566012,namdeac21.elec@coeptech.ac.in,Electrical Engineering,T.Y.B.Tech
112105043,NANIKA KUNDAL,Female,9086291669,nanikak21.elec@coeptech.ac.in,Electrical Engineering,T.Y.B.Tech
112105044,OM DHAWAS,Male,8624088194,omd21.elec@coeptech.ac.in,Electrical Engineering,T.Y.B.Tech
112105045,PARNEET PRAMODKUMAR PRASAD,Female,9136730751,parneetpp21.elec@coeptech.ac.in,Electrical Engineering,T.Y.B.Tech
112105046,PATIL ATHRAV DHONDIRAM,Male,8999512050,patilad21.elec@coeptech.ac.in,Electrical Engineering,T.Y.B.Tech
112105047,PATIL PRANAV RAJU,Male,8788970705,patilpr21.elec@coeptech.ac.in,Electrical Engineering,T.Y.B.Tech
112105048,PAWAR KUNAL PANDURANG,Male,9623965666,pawarkp21.elec@coeptech.ac.in,Electrical Engineering,T.Y.B.Tech
112105049,PIYUSH PATIL,Male,9981344559,piyushp21.elec@coeptech.ac.in,Electrical Engineering,T.Y.B.Tech
112105050,PUNDLIK VIRAJ ASHWIN,Male,9665727778,pundlikva21.elec@coeptech.ac.in,Electrical Engineering,T.Y.B.Tech
112105051,RAKTATE SHAMBHURAJ VINAYAK,Male,8669727789,raktatesv21.elec@coeptech.ac.in,Electrical Engineering,T.Y.B.Tech
112105052,RATHOD NIKITA SANTOSH,Female,7020174013,rathodns21.elec@coeptech.ac.in,Electrical Engineering,T.Y.B.Tech
112105053,RAUT KAJAL ASHOKKUMAR,Female,7083806674,rautka21.elec@coeptech.ac.in,Electrical Engineering,T.Y.B.Tech
112105054,ROHIT RAJARAM RUPWATE,Male,7498462577,rohitrr21.elec@coeptech.ac.in,Electrical Engineering,T.Y.B.Tech
112105055,SARDESHMUKH SHRAVANI MAYURESH,Female,9763167594,sardeshmukhsm21.elec@coeptech.ac.in,Electrical Engineering,T.Y.B.Tech
112105056,SAWANT SHARVARI RAJENDRA,Female,9422502131,sawantsr21.elec@coeptech.ac.in,Electrical Engineering,T.Y.B.Tech
112105057,SHAWN THOMAS GEORGE,Male,9850182133,shawntg21.elec@coeptech.ac.in,Electrical Engineering,T.Y.B.Tech
112105058,SHIRKANDE ATHARV VIKAS,Male,8149128872,shirkandeav21.elec@coeptech.ac.in,Electrical Engineering,T.Y.B.Tech
112105059,SHREYAS RAJENDRA DAMGUDE,Male,9767610843,shreyasrd21.elec@coeptech.ac.in,Electrical Engineering,T.Y.B.Tech
112105060,SIDDHARTH BHAUSAHEB TRIBHUWAN,Male,9322800788,siddharthbt21.elec@coeptech.ac.in,Electrical Engineering,T.Y.B.Tech
112105061,SOMWANSHI SHREYAS YOGESH,Male,8830315428,somwanshisy21.elec@coeptech.ac.in,Electrical Engineering,T.Y.B.Tech
112105062,TEJAL SHEETAL KUMAR,Female,9822794049,tejalsm21.elec@coeptech.ac.in,Electrical Engineering,T.Y.B.Tech
112105063,TEJASVI ANIL BACHHAV,Female,7666283548,tejasviab21.elec@coeptech.ac.in,Electrical Engineering,T.Y.B.Tech
112105064,THUBE YASH RAJENDRA,Male,8767278133,thubeyr21.elec@coeptech.ac.in,Electrical Engineering,T.Y.B.Tech
112105066,UNHALE OM VINOD,Male,9623669932,unhaleov21.elec@coeptech.ac.in,Electrical Engineering,T.Y.B.Tech
112105067,UTKARSH PRATAP PATIL,Male,9325254043,utkarshpp21.elec@coeptech.ac.in,Electrical Engineering,T.Y.B.Tech
112105068,WAT VAIBHAV PRAKASH,Male,9689697807,watvp21.elec@coeptech.ac.in,Electrical Engineering,T.Y.B.Tech
112105069,WIKEY HIWANSHI DAMODHAR,Female,7620199581,wikeyhd21.elec@coeptech.ac.in,Electrical Engineering,T.Y.B.Tech
112105070,AGARWAL KHUSHI,Female,7233925050,agarwalk21.elec@coeptech.ac.in,Electrical Engineering,T.Y.B.Tech
112105071,AMAN KAMATH,Male,9356603957,kamatha21.elec@coeptech.ac.in,Electrical Engineering,T.Y.B.Tech
112105072,PIMPRIKAR MALHAR NISHIKANT,Male,9767837065,pimprikarmn21.elec@coeptech.ac.in,Electrical Engineering,T.Y.B.Tech
112113004,ANJALI KIRAN BHATT,Female,9890065659,bhattak21.elec@coeptech.ac.in,Electrical Engineering,T.Y.B.Tech
142205001,CHAUHAN RAMSINGH RAJENDRASINGH,Male,9405070796,chauhanrr22.elec@coeptech.ac.in,Electrical Engineering,T.Y.B.Tech
142205002,DESHMUKH ANIKET NISHANT,Male,7058802243,deshmukhan22.elec@coeptech.ac.in,Electrical Engineering,T.Y.B.Tech
142205003,DHOTRE GAYATRI SHAILENDRA,Female,8999690470,dhotregs22.elec@coeptech.ac.in,Electrical Engineering,T.Y.B.Tech
142205004,GULHANE ROHINI AJAY,Female,8830357900,gulhanera22.elec@coeptech.ac.in,Electrical Engineering,T.Y.B.Tech
142205005,KALIM KHAN MURTUZA KHAN,Male,9765733983,kalimkm22.elec@coeptech.ac.in,Electrical Engineering,T.Y.B.Tech
142205006,KOKANE PRASAD ARUN,Male,9307113779,kokanepa22.elec@coeptech.ac.in,Electrical Engineering,T.Y.B.Tech
142205007,MESHRAM SAMIR SIDDHARTH,Male,9322851421,meshramss22.elec@coeptech.ac.in,Electrical Engineering,T.Y.B.Tech
142205008,NEHAR TANAVI KAILAS,Female,7588437726,nehartk22.elec@coeptech.ac.in,Electrical Engineering,T.Y.B.Tech
142205009,PAWAR ABHISHEK SURESH,Male,9028496109,pawaras22.elec@coeptech.ac.in,Electrical Engineering,T.Y.B.Tech
142205010,SHELKE SWARUP SUDARSHAN,Male,9421341308,shelkess22.elec@coeptech.ac.in,Electrical Engineering,T.Y.B.Tech
112101024,KARPE SALONI SANJAY,Female,9404023726,karpess21.extc@coeptech.ac.in,Electronics and Telecommunication Engineering ,T.Y.B.Tech
112107001,AARYA PARAG KULKARNI,Female,7558254559,aaryapk21.extc@coeptech.ac.in,Electronics and Telecommunication Engineering ,T.Y.B.Tech
112107002,ANISH CHANDRASHEKHAR PATIL,Male,9420639729,anishcp21.extc@coeptech.ac.in,Electronics and Telecommunication Engineering ,T.Y.B.Tech
112107003,ANKITA SINHA,Female,8600008966,ankitas21.extc@coeptech.ac.in,Electronics and Telecommunication Engineering ,T.Y.B.Tech
112107004,ANUBHAB MAJUMDAR,Male,8837318848,majumdara21.extc@coeptech.ac.in,Electronics and Telecommunication Engineering ,T.Y.B.Tech
112107005,ARYAN ABHAY BATHIA,Male,9552072003,aryanab21.extc@coeptech.ac.in,Electronics and Telecommunication Engineering ,T.Y.B.Tech
112107006,BANKAR AARON PRAVIN,Male,7507708257,bankarap21.extc@coeptech.ac.in,Electronics and Telecommunication Engineering ,T.Y.B.Tech
112107007,BANSODE VARAD RAMESH,Male,9307181678,bansodevr21.extc@coeptech.ac.in,Electronics and Telecommunication Engineering ,T.Y.B.Tech
112107008,BHAISARE AKANKSHA ANIL,Female,8888728533,bhaisareaa21.extc@coeptech.ac.in,Electronics and Telecommunication Engineering ,T.Y.B.Tech
112107009,BHALERAO ADITYA,Male,9405678863,bhaleraoa21.extc@coeptech.ac.in,Electronics and Telecommunication Engineering ,T.Y.B.Tech
112107010,CHOPDA RUSHIKA RAVI,Female,9372204130,chopdarr21.extc@coeptech.ac.in,Electronics and Telecommunication Engineering ,T.Y.B.Tech
112107011,DEOLASI AKSHAY AVINASH,Male,8329660715,deolasiaa21.extc@coeptech.ac.in,Electronics and Telecommunication Engineering ,T.Y.B.Tech
112107012,DESHMUKH ISHWAR RAJENDRA,Male,7058808707,deshmukhir21.extc@coeptech.ac.in,Electronics and Telecommunication Engineering ,T.Y.B.Tech
112107013,DESHMUKH TANVI ANIL,Female,9960553501,deshmukhta21.extc@coeptech.ac.in,Electronics and Telecommunication Engineering ,T.Y.B.Tech
112107014,DHAYGUDE GAYATRI JAGANNATH,Female,8080200018,dhaygudegj21.extc@coeptech.ac.in,Electronics and Telecommunication Engineering ,T.Y.B.Tech
112107015,DOSHI KARAN RAJKUMAR,Male,9922953701,doshikr21.extc@coeptech.ac.in,Electronics and Telecommunication Engineering ,T.Y.B.Tech
112107017,GAVANKAR SAHIL SANJAY,Male,8080964276,gavankarss21.extc@coeptech.ac.in,Electronics and Telecommunication Engineering ,T.Y.B.Tech
112107018,GHOPE SNEHA SURESH,Female,9766194169,ghopess21.extc@coeptech.ac.in,Electronics and Telecommunication Engineering ,T.Y.B.Tech
112107019,GUNAWARE ANAND MANSING,Male,8830030640,gunawaream21.extc@coeptech.ac.in,Electronics and Telecommunication Engineering ,T.Y.B.Tech
112107020,HIRNAWALE PRATIKSHA MANIK,Female,8329750810,hirnawalepm21.extc@coeptech.ac.in,Electronics and Telecommunication Engineering ,T.Y.B.Tech
112107021,INGLE TANVI VILAS,Female,7385653778,ingletv21.extc@coeptech.ac.in,Electronics and Telecommunication Engineering ,T.Y.B.Tech
112107022,JADHAV NIRANJAN PRATAPSINH,Male,7738102866,jadhavnp21.extc@coeptech.ac.in,Electronics and Telecommunication Engineering ,T.Y.B.Tech
112107023,JADHAV SRUSHTI SARJERAO,Female,8767532080,jadhavss21.extc@coeptech.ac.in,Electronics and Telecommunication Engineering ,T.Y.B.Tech
112107024,JANBANDHU ATHARVA LAVA,Male,7498362474,janbandhual21.extc@coeptech.ac.in,Electronics and Telecommunication Engineering ,T.Y.B.Tech
112107025,KADAM PRATIK BALASAHEB,Male,7057104278,kadampb21.extc@coeptech.ac.in,Electronics and Telecommunication Engineering ,T.Y.B.Tech
112107026,KAMBLE KSHITIJ RAJU,Male,8055812719,kamblekr21.extc@coeptech.ac.in,Electronics and Telecommunication Engineering ,T.Y.B.Tech
112107027,KARAD PRALHAD BALAJI,Male,7822900981,karadpb21.extc@coeptech.ac.in,Electronics and Telecommunication Engineering ,T.Y.B.Tech
112107028,KIRPANE SHREYASH RAMESHRAO,Male,9370308597,kirpanesr21.extc@coeptech.ac.in,Electronics and Telecommunication Engineering ,T.Y.B.Tech
112107029,KORE BHAVAN GIRDHARI,Male,8625833010,korebg21.extc@coeptech.ac.in,Electronics and Telecommunication Engineering ,T.Y.B.Tech
112107030,KULKARNI JANHAVI JITESH,Female,7517769868,kulkarnijj21.extc@coeptech.ac.in,Electronics and Telecommunication Engineering ,T.Y.B.Tech
112107031,KULKARNI SIDDHI MANISH,Female,9284401085,kulkarnism21.extc@coeptech.ac.in,Electronics and Telecommunication Engineering ,T.Y.B.Tech
112107032,LAXMI DNYANESHWAR CHAUDHARI,Female,8767681603,laxmidc21.extc@coeptech.ac.in,Electronics and Telecommunication Engineering ,T.Y.B.Tech
112107033,MAHURE SOHAM VINOD,Male,9699071808,mahuresv21.extc@coeptech.ac.in,Electronics and Telecommunication Engineering ,T.Y.B.Tech
112107034,MANE ABHISHEK SHARAD,Male,9309120469,maneas21.extc@coeptech.ac.in,Electronics and Telecommunication Engineering ,T.Y.B.Tech
112107035,MARATHE NIHARIKA NARAYAN,Female,9822344643,marathenn21.extc@coeptech.ac.in,Electronics and Telecommunication Engineering ,T.Y.B.Tech
112107037,MOONDRA BHAVIN RATAN,Male,9511680390,moondrabr21.extc@coeptech.ac.in,Electronics and Telecommunication Engineering ,T.Y.B.Tech
112107038,NANDINI GUPTA,Female,6006348305,nandinig21.extc@coeptech.ac.in,Electronics and Telecommunication Engineering ,T.Y.B.Tech
112107039,NIRANJAN SANJAY PATIL,Male,7620449277,niranjansp21.extc@coeptech.ac.in,Electronics and Telecommunication Engineering ,T.Y.B.Tech
112107040,OM AJITSINH PATIL,Male,7276098352,omap21.extc@coeptech.ac.in,Electronics and Telecommunication Engineering ,T.Y.B.Tech
112107041,OMKAR ANIL SHINDE,Male,7420845771,omkaras21.extc@coeptech.ac.in,Electronics and Telecommunication Engineering ,T.Y.B.Tech
112107042,OMKAR PANDURANG SABLE,Male,9021924089,omkarps21.extc@coeptech.ac.in,Electronics and Telecommunication Engineering ,T.Y.B.Tech
112107044,PARASVANI PIYANSHU GIRISH,Male,7414917877,parasvanipg21.extc@coeptech.ac.in,Electronics and Telecommunication Engineering ,T.Y.B.Tech
112107045,PATEL VINIT VIJAY,Male,8655187091,patelvv21.extc@coeptech.ac.in,Electronics and Telecommunication Engineering ,T.Y.B.Tech
112107046,PATIL DAMINI MAGAN,Female,9356083719,patildm21.extc@coeptech.ac.in,Electronics and Telecommunication Engineering ,T.Y.B.Tech
112107047,PATIL PRANJALI RAVIKUMAR,Female,9307052442,patilpr21.extc@coeptech.ac.in,Electronics and Telecommunication Engineering ,T.Y.B.Tech
112107048,PATIL ROHAN BABASO,Male,8208884639,patilrb21.extc@coeptech.ac.in,Electronics and Telecommunication Engineering ,T.Y.B.Tech
112107049,PILLAI AISHWARYA RADHAKRISHNAN,Female,9922379763,pillaiar21.extc@coeptech.ac.in,Electronics and Telecommunication Engineering ,T.Y.B.Tech
112107050,POL TEJAS TANAJI,Male,9987476780,poltt21.extc@coeptech.ac.in,Electronics and Telecommunication Engineering ,T.Y.B.Tech
112107051,RAJ DATTATRAY DHAPSE,Male,8975061244,rajdd21.extc@coeptech.ac.in,Electronics and Telecommunication Engineering ,T.Y.B.Tech
112107053,RANJAN ADITYA RAJIV,Male,8104192230,ranjanar21.extc@coeptech.ac.in,Electronics and Telecommunication Engineering ,T.Y.B.Tech
112107054,RATHOD UTKARSH VITTHAL,Male,7498202393,rathoduv21.extc@coeptech.ac.in,Electronics and Telecommunication Engineering ,T.Y.B.Tech
112107055,RAWALE HARSH ANIL,Male,9890518718,rawaleha21.extc@coeptech.ac.in,Electronics and Telecommunication Engineering ,T.Y.B.Tech
112107056,RUPAK ARVIND KHANDATE,Male,9175520093,rupakak21.extc@coeptech.ac.in,Electronics and Telecommunication Engineering ,T.Y.B.Tech
112107057,RUTUJA SHRIRAM CHAUDHARI,Female,7498495857,rutujasc21.extc@coeptech.ac.in,Electronics and Telecommunication Engineering ,T.Y.B.Tech
112107058,SAGBHOR VAISHNAVI UTTAM,Female,8454988694,sagbhorvu21.extc@coeptech.ac.in,Electronics and Telecommunication Engineering ,T.Y.B.Tech
112107059,SAHITI LAKSHMI ADURTHI,Female,7820953236,sahitila21.extc@coeptech.ac.in,Electronics and Telecommunication Engineering ,T.Y.B.Tech
112107060,SAMANT MOHIT RAVINDRA,Male,7720817417,samantmr21.extc@coeptech.ac.in,Electronics and Telecommunication Engineering ,T.Y.B.Tech
112107061,SARTHAK DEEPAK SURANA,Male,7666205536,sarthakds21.extc@coeptech.ac.in,Electronics and Telecommunication Engineering ,T.Y.B.Tech
112107062,SATAV ATHARVA AJAY,Male,9890200773,satavaa21.extc@coeptech.ac.in,Electronics and Telecommunication Engineering ,T.Y.B.Tech
112107063,SHARMA SHIVAM VINOD,Male,8976100816,sharmasv21.extc@coeptech.ac.in,Electronics and Telecommunication Engineering ,T.Y.B.Tech
112107064,SHELAR GAURAV MAHAVEER,Male,8793884392,shelargm21.extc@coeptech.ac.in,Electronics and Telecommunication Engineering ,T.Y.B.Tech
112107065,SHIRALKAR KEDAR NITIN,Male,7745077407,shiralkarkn21.extc@coeptech.ac.in,Electronics and Telecommunication Engineering ,T.Y.B.Tech
112107066,SONTAKKE GAYATRI HANAMANT,Female,8999425621,sontakkegh21.extc@coeptech.ac.in,Electronics and Telecommunication Engineering ,T.Y.B.Tech
112107067,SURAJ DAS,Male,9175918775,dass21.extc@coeptech.ac.in,Electronics and Telecommunication Engineering ,T.Y.B.Tech
112107068,TANIYA FIRDOUS MOHD ARSHAD JAMEEL,Female,9359169895,taniyafm21.extc@coeptech.ac.in,Electronics and Telecommunication Engineering ,T.Y.B.Tech
112107070,THAKUR ATHARVA AJIT,Male,9923889189,thakuraa21.extc@coeptech.ac.in,Electronics and Telecommunication Engineering ,T.Y.B.Tech
112107071,UJJWAL MAHAJAN,Male,6005428515,ujjwalm21.extc@coeptech.ac.in,Electronics and Telecommunication Engineering ,T.Y.B.Tech
112107072,UMAK SAMIR SUNIL,Male,7218783769,umakss21.extc@coeptech.ac.in,Electronics and Telecommunication Engineering ,T.Y.B.Tech
112107073,VEDANT MILIND WADGAONKAR,Male,9422264439,vedantmw21.extc@coeptech.ac.in,Electronics and Telecommunication Engineering ,T.Y.B.Tech
112107074,VIGHNESH SADANAND,Male,8373919999,vighneshs21.extc@coeptech.ac.in,Electronics and Telecommunication Engineering ,T.Y.B.Tech
112107075,VRUSHAB SANJAY GHODERAO,Male,9867594469,vrushabsg21.extc@coeptech.ac.in,Electronics and Telecommunication Engineering ,T.Y.B.Tech
112107076,WAGHMODE MRUDULA KIRAN,Female,8623092549,waghmodemk21.extc@coeptech.ac.in,Electronics and Telecommunication Engineering ,T.Y.B.Tech
112107077,WAINGADE PANKAJ VILAS,Male,9420136533,waingadepv21.extc@coeptech.ac.in,Electronics and Telecommunication Engineering ,T.Y.B.Tech
112107079,MEKHE SHREYAS MAHENDRA,Male,9421614100,mekhesm21.extc@coeptech.ac.in,Electronics and Telecommunication Engineering ,T.Y.B.Tech
112110119,SAVARDEKAR PARITOSH PRASHANT,Male,7066732738,savardekarpp21.extc@coeptech.ac.in,Electronics and Telecommunication Engineering ,T.Y.B.Tech
142207001,CHAUDHARI RHUGVED PANKAJ,Male,9503145586,chaudharirp22.extc@coeptech.ac.in,Electronics and Telecommunication Engineering ,T.Y.B.Tech
142207002,CHAUGULE POONAM BHAGAWAT,Female,9370594659,chaugulepb22.extc@coeptech.ac.in,Electronics and Telecommunication Engineering ,T.Y.B.Tech
142207003,CHAVAN PRATIK BHIKU,Male,9763932825,chavanpb22.extc@coeptech.ac.in,Electronics and Telecommunication Engineering ,T.Y.B.Tech
142207004,CHAVAN YAMINI KIRAN,Female,9763932825,chavanyk22.extc@coeptech.ac.in,Electronics and Telecommunication Engineering ,T.Y.B.Tech
142207005,GANDHI PRANAV UTTAMCHAND,Male,8668344543,gandhipu22.extc@coeptech.ac.in,Electronics and Telecommunication Engineering ,T.Y.B.Tech
142207006,KAMBLE MANALI DAYANAND,Female,8380994246,kamblemd22.extc@coeptech.ac.in,Electronics and Telecommunication Engineering ,T.Y.B.Tech
142207007,LAVATE SAMRUDDHI DATTATRAY,Female,8080110473,lavatesd22.extc@coeptech.ac.in,Electronics and Telecommunication Engineering ,T.Y.B.Tech
142207008,SHETTY SAKSHI SHAILESH,Female,9175928191,shettyss22.extc@coeptech.ac.in,Electronics and Telecommunication Engineering ,T.Y.B.Tech
142207009,SHINDE VAISHNAVI TANAJI,Female,9370435040,shindevt22.extc@coeptech.ac.in,Electronics and Telecommunication Engineering ,T.Y.B.Tech
142207010,SONAWANE ADITYA DATTATRAYA,Male,7498756718,sonawanead22.extc@coeptech.ac.in,Electronics and Telecommunication Engineering ,T.Y.B.Tech
142207011,GAIKWAD PREM DEEPAK,Male,8485813059,gaikwadpd22.extc@coeptech.ac.in,Electronics and Telecommunication Engineering ,T.Y.B.Tech
112009040,MADAKE ANUP AVINASH,Male,9359021868,madakeaa20.instru@coeptech.ac.in,Instrumentation and Control Engineering ,T.Y.B.Tech
112109001,ADITYA VIJAYKUMAR AGRE,Male,9172914634,adityava21.instru@coeptech.ac.in,Instrumentation and Control Engineering ,T.Y.B.Tech
112109002,AMBHORE ADITYA MADHAV,Male,7875163994,ambhoream21.instru@coeptech.ac.in,Instrumentation and Control Engineering ,T.Y.B.Tech
112109003,BADUGU MEDHA,Female,8830247934,badugum21.instru@coeptech.ac.in,Instrumentation and Control Engineering ,T.Y.B.Tech
112109004,DAWANE UTKARSHA ASHOKKUMAR,Female,7775850904,dawaneua21.instru@coeptech.ac.in,Instrumentation and Control Engineering ,T.Y.B.Tech
112109005,DESHPANDE SHAUNAK PARESH,Male,9175932409,deshpandesp21.instru@coeptech.ac.in,Instrumentation and Control Engineering ,T.Y.B.Tech
112109006,FATAK KIRTI CHANDRAKANT,Female,9284087690,fatakkc21.instru@coeptech.ac.in,Instrumentation and Control Engineering ,T.Y.B.Tech
112109008,GANDHI RAHUL RAJENDRA,Male,7498919699,gandhirr21.instru@coeptech.ac.in,Instrumentation and Control Engineering ,T.Y.B.Tech
112109009,GOKHALE SUYOG SUDHIR,Male,8767402672,gokhaless21.instru@coeptech.ac.in,Instrumentation and Control Engineering ,T.Y.B.Tech
112109010,HARODE CHAITRA LALIT,Male,8830085427,harodecl21.instru@coeptech.ac.in,Instrumentation and Control Engineering ,T.Y.B.Tech
112109011,INDURKAR MOHIT MANOJ,Male,7741070477,indurkarmm21.instru@coeptech.ac.in,Instrumentation and Control Engineering ,T.Y.B.Tech
112109012,INGALE PARTH KISHOR,Male,8329549230,ingalepk21.instru@coeptech.ac.in,Instrumentation and Control Engineering ,T.Y.B.Tech
112109013,INGOLE YATHARTH SANJAY,Male,8208710896,ingoleys21.instru@coeptech.ac.in,Instrumentation and Control Engineering ,T.Y.B.Tech
112109014,JADHAV SHWETA RAJENDRA,Female,9172924660,jadhavsr21.instru@coeptech.ac.in,Instrumentation and Control Engineering ,T.Y.B.Tech
112109015,JANYAA ARIYA TIKOO,Female,8766638512,janyaaat21.instru@coeptech.ac.in,Instrumentation and Control Engineering ,T.Y.B.Tech
112109016,JOSHI HRISHIKESH SANDEEP,Male,9307671417,joshihs21.instru@coeptech.ac.in,Instrumentation and Control Engineering ,T.Y.B.Tech
112109020,LOKHANDE SHRAVANI NAVNATH,Female,9689773103,lokhandesn21.instru@coeptech.ac.in,Instrumentation and Control Engineering ,T.Y.B.Tech
112109021,LONEKAR GANGASAGAR SAYGONDA,Female,7499520539,lonekargs21.instru@coeptech.ac.in,Instrumentation and Control Engineering ,T.Y.B.Tech
112109023,NAIK CHINMAY SACHIN,Male,9158808409,naikcs21.instru@coeptech.ac.in,Instrumentation and Control Engineering ,T.Y.B.Tech
112109025,NEGLUR ATHARVA RAVISHANKAR,Male,9657145888,neglurar21.instru@coeptech.ac.in,Instrumentation and Control Engineering ,T.Y.B.Tech
112109026,PATARE HRUTUJA SANDEEP,Female,8446943001,patarehs21.instru@coeptech.ac.in,Instrumentation and Control Engineering ,T.Y.B.Tech
112109027,RAI DEV RAJKUMAR,Male,9529334946,raidr21.instru@coeptech.ac.in,Instrumentation and Control Engineering ,T.Y.B.Tech
112109028,RAJPUT ABHAY BAHADUR SINGH GULAB SINGH,Male,7420920557,rajputab21.instru@coeptech.ac.in,Instrumentation and Control Engineering ,T.Y.B.Tech
112109029,RATHOD TANMAYEE MURLIDHAR,Female,9423397012,rathodtm21.instru@coeptech.ac.in,Instrumentation and Control Engineering ,T.Y.B.Tech
112109030,SAHASRABUDHE NISHANT AMIT,Male,7796698502,sahasrabudhena21.instru@coeptech.ac.in,Instrumentation and Control Engineering ,T.Y.B.Tech
112109031,SAROWARE AYUSH SANDIP,Male,8830213866,sarowareas21.instru@coeptech.ac.in,Instrumentation and Control Engineering ,T.Y.B.Tech
112109032,SATBADRE ANSHUL ANAND,Male,9309170885,satbadreaa21.instru@coeptech.ac.in,Instrumentation and Control Engineering ,T.Y.B.Tech
112109033,SAURABH GAJANAN SHINDE,Male,8799985833,saurabhgs21.instru@coeptech.ac.in,Instrumentation and Control Engineering ,T.Y.B.Tech
112109034,SHITIZ RAJPUT,Male,9906732303,shitizr21.instru@coeptech.ac.in,Instrumentation and Control Engineering ,T.Y.B.Tech
112109035,SURKULE PURVA LAXMAN,Female,7038000506,surkulepl21.instru@coeptech.ac.in,Instrumentation and Control Engineering ,T.Y.B.Tech
112109036,TATEWAR ASHUTOSH ARVIND,Male,9373516073,tatewaraa21.instru@coeptech.ac.in,Instrumentation and Control Engineering ,T.Y.B.Tech
112109037,THAKUR SHREY NISHIKANT,Male,9823036934,thakursn21.instru@coeptech.ac.in,Instrumentation and Control Engineering ,T.Y.B.Tech
112109038,VAISHAMPAYAN SUDHANSHU SAGAR,Male,8275282356,vaishampayanss21.instru@coeptech.ac.in,Instrumentation and Control Engineering ,T.Y.B.Tech
112109039,DESHPANDE NIRANJAN DATTATRAY,Male,8669414824,deshpandend21.instru@coeptech.ac.in,Instrumentation and Control Engineering ,T.Y.B.Tech
142109003,GAWADE SURAJ SURYAKANT,Male,9309548929,gawadess21.instru@coeptech.ac.in,Instrumentation and Control Engineering ,T.Y.B.Tech
142109005,BANDARKAR TAMIM JALALUDDIN,Male,7798473866,bandarkartj21.instru@coeptech.ac.in,Instrumentation and Control Engineering ,T.Y.B.Tech
142209001,AVHAD SHREYASH VASANT,Male,9769172412,avhadsv22.instru@coeptech.ac.in,Instrumentation and Control Engineering ,T.Y.B.Tech
142209002,CHAUDHARI MANSI SANJAY,Female,7620214227,chaudharims22.instru@coeptech.ac.in,Instrumentation and Control Engineering ,T.Y.B.Tech
142209003,GAIDHANE SIDDHARTH RAJENDRA,Male,9307338388,gaidhanesr22.instru@coeptech.ac.in,Instrumentation and Control Engineering ,T.Y.B.Tech
142209004,KEDARI OMKAR SANJAY,Male,8655224322,kedarios22.instru@coeptech.ac.in,Instrumentation and Control Engineering ,T.Y.B.Tech
142209005,SONAWANE DEEPALI SUBHASH,Female,7057705173,sonawaneds22.instru@coeptech.ac.in,Instrumentation and Control Engineering ,T.Y.B.Tech
112013024,KARHALE GAJANAN RAMCHANDRA,Male,7499198812,karhalegr20.mfg@coeptech.ac.in,Manufacturing Science and Engineering,T.Y.B.Tech
112013068,WAIRAGADE SUPREET NARENDRA,Male,9923550202,wairagadesn20.mfg@coeptech.ac.in,Manufacturing Science and Engineering,T.Y.B.Tech
112113001,ADITYA SURYAKANT RAUT,Male,9604183389,adityasr21.mfg@coeptech.ac.in,Manufacturing Science and Engineering,T.Y.B.Tech
112113002,ADITYAN ARUMUGANAINAR,Male,9511296899,adityana21.mfg@coeptech.ac.in,Manufacturing Science and Engineering,T.Y.B.Tech
112113005,BEDRE ANUJ ARUNRAO,Male,7058225374,bedreaa21.mfg@coeptech.ac.in,Manufacturing Science and Engineering,T.Y.B.Tech
112113006,BHANDARI AAYUSH ANAND,Male,7083206383,bhandariaa21.mfg@coeptech.ac.in,Manufacturing Science and Engineering,T.Y.B.Tech
112113007,CHANDAK HARSHA ANAND,Female,9834933556,chandakha21.mfg@coeptech.ac.in,Manufacturing Science and Engineering,T.Y.B.Tech
112113008,DABADE VAIDEHI VITTHAL,Female,8799810177,dabadevv21.mfg@coeptech.ac.in,Manufacturing Science and Engineering,T.Y.B.Tech
112113009,DAHALE PRATIK DEVENDRA,Male,9767313119,dahalepd21.mfg@coeptech.ac.in,Manufacturing Science and Engineering,T.Y.B.Tech
112113010,DAWARE PRATOD ANIRUDDHA,Male,9096829925,dawarepa21.mfg@coeptech.ac.in,Manufacturing Science and Engineering,T.Y.B.Tech
112113011,DEOBHANKAR ANUSHKA ANIL,Female,9579470943,deobhankaraa21.mfg@coeptech.ac.in,Manufacturing Science and Engineering,T.Y.B.Tech
112113012,DESHMUKH ATHARAW MAHESH,Male,7588674429,deshmukham21.mfg@coeptech.ac.in,Manufacturing Science and Engineering,T.Y.B.Tech
112113014,DHAKULKAR PRIYA PRADEEP,Female,9309575647,dhakulkarpp21.mfg@coeptech.ac.in,Manufacturing Science and Engineering,T.Y.B.Tech
112113015,DUMANA MANTHAN NAMDEV,Male,7028624566,dumanamn21.mfg@coeptech.ac.in,Manufacturing Science and Engineering,T.Y.B.Tech
112113016,GAJANKUSH ANIKET VIJAY,Male,8999114595,gajankushav21.mfg@coeptech.ac.in,Manufacturing Science and Engineering,T.Y.B.Tech
112113017,GONDASE KUNDAN MAHENDRA,Male,9604362941,gondasekm21.mfg@coeptech.ac.in,Manufacturing Science and Engineering,T.Y.B.Tech
112113019,GUJARATHI BHAKTI MANISH,Female,7218381591,gujarathibm21.mfg@coeptech.ac.in,Manufacturing Science and Engineering,T.Y.B.Tech
112113020,HARDAS SOHAM HARSHAD,Male,9359321339,hardassh21.mfg@coeptech.ac.in,Manufacturing Science and Engineering,T.Y.B.Tech
112113022,HOLE PRANAV ASHOK,Male,7083401738,holepa21.mfg@coeptech.ac.in,Manufacturing Science and Engineering,T.Y.B.Tech
112113023,HULYALKAR MUKTA SHRINIVAS,Female,9146323653,hulyalkarms21.mfg@coeptech.ac.in,Manufacturing Science and Engineering,T.Y.B.Tech
112113024,JANE SOHAM NITIN,Male,9356879654,janesn21.mfg@coeptech.ac.in,Manufacturing Science and Engineering,T.Y.B.Tech
112113026,JORI SAI MARTAND,Female,9665271168,jorism21.meta@coeptech.ac.in,Manufacturing Science and Engineering,T.Y.B.Tech
112113027,JOSHI ADITI ANAY,Female,9405229975,joshiaa21.mfg@coeptech.ac.in,Manufacturing Science and Engineering,T.Y.B.Tech
112113028,KAJGIKAR RUGVED ASHISH,Male,9022866392,kajgikarra21.mfg@coeptech.ac.in,Manufacturing Science and Engineering,T.Y.B.Tech
112113029,KALE PRATHAMESH PURUSHOTTAM,Male,8421054875,kalepp21.mfg@coeptech.ac.in,Manufacturing Science and Engineering,T.Y.B.Tech
112113030,KASWA SAKET DHIRENDRA,Male,9422545435,kaswasd21.mfg@coeptech.ac.in,Manufacturing Science and Engineering,T.Y.B.Tech
112113032,KOUSTUB VINOD PATIL,Male,8779513312,koustubvp21.mfg@coeptech.ac.in,Manufacturing Science and Engineering,T.Y.B.Tech
112113038,MAINKAR MIHIR SUDHIR,Male,7263093671,mainkarms21.mfg@coeptech.ac.in,Manufacturing Science and Engineering,T.Y.B.Tech
112113039,MANDHARE SMRUTI SUNIL,Female,7218840299,mandharess21.mfg@coeptech.ac.in,Manufacturing Science and Engineering,T.Y.B.Tech
112113040,MARE HARSHVARDHAN SHIWAHAR,Male,8806544607,marehs21.mfg@coeptech.ac.in,Manufacturing Science and Engineering,T.Y.B.Tech
112113041,MESHRAM KANAK AKHILESH,Female,8263940731,meshramka21.mfg@coeptech.ac.in,Manufacturing Science and Engineering,T.Y.B.Tech
112113042,MHASADE PRANAV DEVENDRA,Male,7517090079,mhasadepd21.mfg@coeptech.ac.in,Manufacturing Science and Engineering,T.Y.B.Tech
112113043,NAGARE SAURABH VIJAY,Male,9359907294,nagaresv21.mfg@coeptech.ac.in,Manufacturing Science and Engineering,T.Y.B.Tech
112113044,NAZIRKAR KSHITIJ PRASHANT,Male,7666829930,nazirkarkp21.mfg@coeptech.ac.in,Manufacturing Science and Engineering,T.Y.B.Tech
112113045,PANCHADHYAYEE DEBAPRIYA ALAK,Male,9158184033,panchadhyayeeda21.mfg@coeptech.ac.in,Manufacturing Science and Engineering,T.Y.B.Tech
112113047,PRATHAMESH RATHOD,Male,9156557243,prathameshr21.mfg@coeptech.ac.in,Manufacturing Science and Engineering,T.Y.B.Tech
112113048,RAKA SAMTA KISHOR,Female,9890628969,rakask21.mfg@coeptech.ac.in,Manufacturing Science and Engineering,T.Y.B.Tech
112113049,RANKA NIRAJ GAUTAM,Male,9881558009,rankang21.mfg@coeptech.ac.in,Manufacturing Science and Engineering,T.Y.B.Tech
112113051,SHIDTURE MANASI GULAB,Female,9960579478,shidturemg21.mfg@coeptech.ac.in,Manufacturing Science and Engineering,T.Y.B.Tech
112113052,SHINDE ROHAN SANDIP,Male,7218083274,shinders21.mfg@coeptech.ac.in,Manufacturing Science and Engineering,T.Y.B.Tech
112113053,SHIVAM KUMAR SHASHISHEKHAR MISHRA,Male,9892714125,shivamks21.mfg@coeptech.ac.in,Manufacturing Science and Engineering,T.Y.B.Tech
112113054,SIDDHI KIRAN DEORE,Female,8600141968,siddhikd21.mfg@coeptech.ac.in,Manufacturing Science and Engineering,T.Y.B.Tech
112113056,SUKALE VAISHNAVI SHARAD,Female,9657558877,sukalevs21.mfg@coeptech.ac.in,Manufacturing Science and Engineering,T.Y.B.Tech
112113057,SURATE BHUMIKA MANOJ,Female,9834268332,suratebm21.mfg@coeptech.ac.in,Manufacturing Science and Engineering,T.Y.B.Tech
112113059,TANGADPALLIWAR SONI MALLESH,Female,8080504406,tangadpalliwarsm21.mfg@coeptech.ac.in,Manufacturing Science and Engineering,T.Y.B.Tech
112113060,TAYADE RAGHAV VILAS,Male,9156374798,tayaderv21.mfg@coeptech.ac.in,Manufacturing Science and Engineering,T.Y.B.Tech
112113061,UBALE SACHIN VIJAY,Male,7498522567,ubalesv21.mfg@coeptech.ac.in,Manufacturing Science and Engineering,T.Y.B.Tech
112113062,VARUN SADANAND SHETTY,Male,7378888610,varunss21.mfg@coeptech.ac.in,Manufacturing Science and Engineering,T.Y.B.Tech
112113063,VASTURGE SWAPNIL RAMAKANT,Male,9527368065,vasturgesr21.mfg@coeptech.ac.in,Manufacturing Science and Engineering,T.Y.B.Tech
112113064,VEDANT VIJAY PATIL,Male,7767085690,vedantvp21.mfg@coeptech.ac.in,Manufacturing Science and Engineering,T.Y.B.Tech
112113066,WALKE ISHA MILIND,Female,9765556414,walkeim21.mfg@coeptech.ac.in,Manufacturing Science and Engineering,T.Y.B.Tech
112113067,YUTI WANKHEDE,Female,7588794623,yutiw21.mfg@coeptech.ac.in,Manufacturing Science and Engineering,T.Y.B.Tech
112113068,ARNAV MUKUL BARMECHA,Male,9594310103,barmechaam21.mfg@coeptech.ac.in,Manufacturing Science and Engineering,T.Y.B.Tech
112113069,BHANUSE SHREY CHETAN,Male,9022318161,bhanusesc21.mfg@coeptech.ac.in,Manufacturing Science and Engineering,T.Y.B.Tech
112113070,KHAIMEE NAZIR NAZIMUDDIN,Male,9356797219,khaimeenn21.mfg@coeptech.ac.in,Manufacturing Science and Engineering,T.Y.B.Tech
112113071,KUTE PURUSHOTTAM UMESH,Male,7741019457,kutepu21.mfg@coeptech.ac.in,Manufacturing Science and Engineering,T.Y.B.Tech
112113072,LADDA PIYUSH SANJAY,Male,8637782364,laddaps21.mfg@coeptech.ac.in,Manufacturing Science and Engineering,T.Y.B.Tech
112113073,PATIL PIYUSH ASHISH,Male,7378446545,patilpa21.mfg@coeptech.ac.in,Manufacturing Science and Engineering,T.Y.B.Tech
112113074,RATHI RAJ NARESH,Male,9370167090,rathirn21.mfg@coeptech.ac.in,Manufacturing Science and Engineering,T.Y.B.Tech
112113075,SAWLA SANMEET MANISH,Male,9011823409,sawlasm21.mfg@coeptech.ac.in,Manufacturing Science and Engineering,T.Y.B.Tech
112113076,SAYALI VINODKUMAR BANSOD,Female,7972755987,bansodsv21.mfg@coeptech.ac.in,Manufacturing Science and Engineering,T.Y.B.Tech
112113077,WAYASE NIHAL SHAMRAO,Male,8999684182,wayasens21.mfg@coeptech.ac.in,Manufacturing Science and Engineering,T.Y.B.Tech
142213001,AYUSH PREMCHAND LOLUSARE,Male,9307138900,ayushpl22.mfg@coeptech.ac.in,Manufacturing Science and Engineering,T.Y.B.Tech
142213002,DESAI JUNED JAVIDAHAMAD,Male,9022127595,desaijj22.mfg@coeptech.ac.in,Manufacturing Science and Engineering,T.Y.B.Tech
142213003,DESHPANDE ABHISHEK MILIND,Male,7057518476,deshpandeam22.mfg@coeptech.ac.in,Manufacturing Science and Engineering,T.Y.B.Tech
142213004,HARSH TAORI,Male,7387847820,harshtt22.mfg@coeptech.ac.in,Manufacturing Science and Engineering,T.Y.B.Tech
142213005,KOKATE SHREYASH ANANT,Male,7083332474,kokatesa22.mfg@coeptech.ac.in,Manufacturing Science and Engineering,T.Y.B.Tech
142213006,MORE ADITYA SANDEEP,Male,7972420404,moreas22.mfg@coeptech.ac.in,Manufacturing Science and Engineering,T.Y.B.Tech
142213007,NAIK LOKESH DILIP,Male,9307580367,naikld22.mfg@coeptech.ac.in,Manufacturing Science and Engineering,T.Y.B.Tech
142213008,TRIBHUVAN SIDDHARTH GAUTAM,Male,7218786173,tribhuvansg22.mfg@coeptech.ac.in,Manufacturing Science and Engineering,T.Y.B.Tech
142213009,DOIJAD ADITYA NITIN,Male,9823781418,doijadan22.mfg@coeptech.ac.in,Manufacturing Science and Engineering,T.Y.B.Tech
111910108,SHRIDHAR SAMBHAJI NAGANE,Male,9881156432,naganess19.mech@coeptech.ac.in,Mechanical Engineering,T.Y.B.Tech
111910142,RITIK A MARAK,Male,8974205465,marakr19.mech@coeptech.ac.in,Mechanical Engineering,T.Y.B.Tech
112010011,BHANDARE ABHISHEK SOPANRAO,Male,7249659649,bhandareas20.mech@coeptech.ac.in,Mechanical Engineering,T.Y.B.Tech
112010024,CHOUDHARY YOGESH PARMESHWAR,Male,7620273800,choudharyyp20.mech@coeptech.ac.in,Mechanical Engineering,T.Y.B.Tech
112010058,KAMWAMANG LYTTAND,Male,9862520501,lyttandk20.mech@coeptech.ac.in,Mechanical Engineering,T.Y.B.Tech
112010087,NITESH RASEKAR,Male,7875266114,niteshr20.mech@coeptech.ac.in,Mechanical Engineering,T.Y.B.Tech
112110001,ABHYANKAR AMAN DEEPESH,Male,8275573126,abhyankarad21.mech@coeptech.ac.in,Mechanical Engineering,T.Y.B.Tech
112110002,ADITI BHASKAR KARADE,Female,7796220426,aditibk21.mech@coeptech.ac.in,Mechanical Engineering,T.Y.B.Tech
112110003,ADITYA SUKHDEO SAYAM,Male,9850029769,adityass21.mech@coeptech.ac.in,Mechanical Engineering,T.Y.B.Tech
112110004,ADVAITH HARI,Male,7907429288,advaithh21.mech@coeptech.ac.in,Mechanical Engineering,T.Y.B.Tech
112110005,AJINKYA PRAMOD NAIK,Male,8433607531,ajinkyapn21.mech@coeptech.ac.in,Mechanical Engineering,T.Y.B.Tech
112110006,ALDAR PRAVIN BIRA,Male,7387639558,aldarpb21.mech@coeptech.ac.in,Mechanical Engineering,T.Y.B.Tech
112110007,AMBEKAR MANASWI ARUN,Female,7058368852,ambekarma21.mech@coeptech.ac.in,Mechanical Engineering,T.Y.B.Tech
112110008,AMIT VIJAY PAWAR,Male,9172958257,amitvp21.mech@coeptech.ac.in,Mechanical Engineering,T.Y.B.Tech
112110009,ANIKET RAINA,Male,9910283112,aniketr21.mech@coeptech.ac.in,Mechanical Engineering,T.Y.B.Tech
112110010,ANIKET VILAS KARALE,Male,8888729573,aniketvk21.mech@coeptech.ac.in,Mechanical Engineering,T.Y.B.Tech
112110011,ANISH BANDU RAMTEKE,Male,8468822706,anishbr21.mech@coeptech.ac.in,Mechanical Engineering,T.Y.B.Tech
112110012,ANISH PRAKASH PATIL,Male,8830404103,anishpp21.mech@coeptech.ac.in,Mechanical Engineering,T.Y.B.Tech
112110013,ANMOL RAVIKANT MARATHE,Male,8451954806,anmolrm21.mech@coeptech.ac.in,Mechanical Engineering,T.Y.B.Tech
112110014,ATTARDE KUNAL TRIMBAK,Female,9518343616,attardekt21.mech@coeptech.ac.in,Mechanical Engineering,T.Y.B.Tech
112110015,AVHAD SAKSHI RAVINDRA,Female,9529243409,avhadsr21.mech@coeptech.ac.in,Mechanical Engineering,T.Y.B.Tech
112110016,AYUSH GOYAL,Male,9607041550,ayushg21.mech@coeptech.ac.in,Mechanical Engineering,T.Y.B.Tech
112110017,BACCHE PRATHAMESH SANJAY,Male,7559140034,baccheps21.mech@coeptech.ac.in,Mechanical Engineering,T.Y.B.Tech
112110018,BANTHIA VEDANT HARSHAL,Male,9822251074,banthiavh21.mech@coeptech.ac.in,Mechanical Engineering,T.Y.B.Tech
112110019,BARVE UNNATI VAIBHAV,Female,9860006703,barveuv21.mech@coeptech.ac.in,Mechanical Engineering,T.Y.B.Tech
112110020,BHANDARI SAMYAK SANJAY,Male,9403619931,bhandariss21.mech@coeptech.ac.in,Mechanical Engineering,T.Y.B.Tech
112110021,BHIDE ATHARVA HRISHIKESH,Male,9665305721,bhideah21.mech@coeptech.ac.in,Mechanical Engineering,T.Y.B.Tech
112110022,BHOIR ANAY RAMDAS,Male,7058451451,bhoirar21.mech@coeptech.ac.in,Mechanical Engineering,T.Y.B.Tech
112110023,BHUJBAL YASHODHAN BALKRISHNA,Male,8329098644,bhujbalyb21.mech@coeptech.ac.in,Mechanical Engineering,T.Y.B.Tech
112110025,CHAUDHARI RUTVIK RAJESHWAR,Male,9356030599,chaudharirr21.mech@coeptech.ac.in,Mechanical Engineering,T.Y.B.Tech
112110026,CHAVAN PARTH PRASHANT,Male,7666134711,chavanpp21.mech@coeptech.ac.in,Mechanical Engineering,T.Y.B.Tech
112110027,CHAVAN RUSHIKESH VILAS,Male,8530849148,chavanrv21.mech@coeptech.ac.in,Mechanical Engineering,T.Y.B.Tech
112110028,CHINMAY PRASHANT DESHPANDE,Male,8320963384,chinmaypd21.mech@coeptech.ac.in,Mechanical Engineering,T.Y.B.Tech
112110029,CHITNIS MANAS ABHIJIT,Male,9011158282,chitnisma21.mech@coeptech.ac.in,Mechanical Engineering,T.Y.B.Tech
112110030,CHOPDA TEJAS NAROTTAM,Male,9307766113,chopdatn21.mech@coeptech.ac.in,Mechanical Engineering,T.Y.B.Tech
112110031,CHOUDHARY AMOGH SHAILESH,Male,9820714842,choudharyas21.mech@coeptech.ac.in,Mechanical Engineering,T.Y.B.Tech
112110033,DAKHORE SAKSHI AJAY,Female,8177827284,dakhoresa21.mech@coeptech.ac.in,Mechanical Engineering,T.Y.B.Tech
112110035,DEOKATE ASHLESHA AVINASH,Female,8421733805,deokateaa21.mech@coeptech.ac.in,Mechanical Engineering,T.Y.B.Tech
112110036,DESHMUKH AMIT SUBHASHRAO,Male,9881454160,deshmukhas21.mech@coeptech.ac.in,Mechanical Engineering,T.Y.B.Tech
112110037,DESHPANDE VISHAL MILIND,Male,9370180730,deshpandevm21.mech@coeptech.ac.in,Mechanical Engineering,T.Y.B.Tech
112110038,DHARMADHIKARI ALANKAR ATMESH,Male,7385411879,dharmadhikariaa21.mech@coeptech.ac.in,Mechanical Engineering,T.Y.B.Tech
112110039,DIPANSHU RAJ DUGGAL,Male,7889310107,dipanshurd21.mech@coeptech.ac.in,Mechanical Engineering,T.Y.B.Tech
112110040,DIXIT ABHISHEK SHANTANU,Male,9075013595,dixitas21.mech@coeptech.ac.in,Mechanical Engineering,T.Y.B.Tech
112110041,EKAL PARTH CHANDRAKANT,Male,7028312928,ekalpc21.mech@coeptech.ac.in,Mechanical Engineering,T.Y.B.Tech
112110042,GAIKAR JAY SUNIL,Male,8329603526,gaikarjs21.mech@coeptech.ac.in,Mechanical Engineering,T.Y.B.Tech
112110043,GAJBHIYE RITESH RAJDHAN,Male,9673085214,gajbhiyerr21.mech@coeptech.ac.in,Mechanical Engineering,T.Y.B.Tech
112110044,GARG MIHIKA ASHWIN,Female,7666128043,gargma21.mech@coeptech.ac.in,Mechanical Engineering,T.Y.B.Tech
112110045,GAURAV SEETAPRASAD MISHRA,Male,8010781233,gauravsm21.mech@coeptech.ac.in,Mechanical Engineering,T.Y.B.Tech
112110046,GAVIT YASH SUDHIR,Male,9022839482,gavitys21.mech@coeptech.ac.in,Mechanical Engineering,T.Y.B.Tech
112110047,GHATOL PARAG RAVINDRA,Male,9011673937,ghatolpr21.mech@coeptech.ac.in,Mechanical Engineering,T.Y.B.Tech
112110048,GHORPADE PRITIJA KIRAN,Female,9579428178,ghorpadepk21.mech@coeptech.ac.in,Mechanical Engineering,T.Y.B.Tech
112110049,GODBOLE AASHAY PRASAD,Male,9881716301,godboleap21.mech@coeptech.ac.in,Mechanical Engineering,T.Y.B.Tech
112110050,GORE MRUNAL BANDU,Male,9307701843,goremb21.mech@coeptech.ac.in,Mechanical Engineering,T.Y.B.Tech
112110051,GORHE ARYA ABHIJIT,Male,9373519824,gorheaa21.mech@coeptech.ac.in,Mechanical Engineering,T.Y.B.Tech
112110052,GOYAL PIYUSH JITENDRA,Male,7276772183,goyalpj21.mech@coeptech.ac.in,Mechanical Engineering,T.Y.B.Tech
112110053,INGALE NIRANJAN ANIL,Male,9284670120,ingalena21.mech@coeptech.ac.in,Mechanical Engineering,T.Y.B.Tech
112110054,JADHAO PAWAN SHANKAR,Male,7758094481,jadhaops21.mech@coeptech.ac.in,Mechanical Engineering,T.Y.B.Tech
112110055,JADHAV KETAN HARISHCHANDRA,Male,7798950867,jadhavkh21.mech@coeptech.ac.in,Mechanical Engineering,T.Y.B.Tech
112110056,JITEN ANUP TOPIWALA,Male,7057593102,jitenat21.mech@coeptech.ac.in,Mechanical Engineering,T.Y.B.Tech
112110057,JOSHI VARAD PRAVIN,Male,8237712970,joshivp21.mech@coeptech.ac.in,Mechanical Engineering,T.Y.B.Tech
112110058,KAKADE BHAGYASHRI VIJAYKUMAR,Female,8605888554,kakadebv21.mech@coeptech.ac.in,Mechanical Engineering,T.Y.B.Tech
112110059,KANADE ANUJ RAJABHAU,Male,8624851889,kanadear21.mech@coeptech.ac.in,Mechanical Engineering,T.Y.B.Tech
112110060,KANAWADE ADITYA ANIL,Male,8975399270,kanawadeaa21.mech@coeptech.ac.in,Mechanical Engineering,T.Y.B.Tech
112110061,KATRE SHIREEN RAMDAS,Female,9399859109,katresr21.mech@coeptech.ac.in,Mechanical Engineering,T.Y.B.Tech
112110062,KATWATE SWAYAM ARUN,Male,9860454351,katwatesa21.mech@coeptech.ac.in,Mechanical Engineering,T.Y.B.Tech
112110063,KHAIRNAR SIDDHIKA SANJAY,Female,7820822717,khairnarss21.mech@coeptech.ac.in,Mechanical Engineering,T.Y.B.Tech
112110064,KODAM RITESH SHRINIWAS,Male,8999522817,kodamrs21.mech@coeptech.ac.in,Mechanical Engineering,T.Y.B.Tech
112110065,KORGAONKAR HARSHVARDHAN SHRIKANT,Male,9757381357,korgaonkarhs21.mech@coeptech.ac.in,Mechanical Engineering,T.Y.B.Tech
112110066,KULKARNI ADWAIT TUSHAR,Male,9767255458,kulkarniat21.mech@coeptech.ac.in,Mechanical Engineering,T.Y.B.Tech
112110068,LELE PARTHA AMEET,Male,9420134156,lelepa21.mech@coeptech.ac.in,Mechanical Engineering,T.Y.B.Tech
112110069,MAHAJAN ANVESH MUKESH,Male,7218388196,mahajanam21.mech@coeptech.ac.in,Mechanical Engineering,T.Y.B.Tech
112110071,MALI VEDANT PRASHANT,Male,9130855245,malivp21.mech@coeptech.ac.in,Mechanical Engineering,T.Y.B.Tech
112110072,MANE ATHARV DEEPAK,Male,8208440054,manead21.mech@coeptech.ac.in,Mechanical Engineering,T.Y.B.Tech
112110073,MANJEET SINGH,Male,9086844292,manjeets21.mech@coeptech.ac.in,Mechanical Engineering,T.Y.B.Tech
112110074,MARJE ADITYA VINAY,Male,9881158108,marjeav21.mech@coeptech.ac.in,Mechanical Engineering,T.Y.B.Tech
112110075,MASTUD SUMEET DATTATRAY,Male,8208431144,mastudsd21.mech@coeptech.ac.in,Mechanical Engineering,T.Y.B.Tech
112110076,MAYURI DNYANOBA NAGARGOJE,Female,9359787471,mayuridn21.mech@coeptech.ac.in,Mechanical Engineering,T.Y.B.Tech
112110077,MHETRE SWAPNIL VALLABH,Male,9579622376,mhetresv21.mech@coeptech.ac.in,Mechanical Engineering,T.Y.B.Tech
112110078,MUJAWAR MATEEN MOHASIN,Male,7823073510,mujawarmm21.mech@coeptech.ac.in,Mechanical Engineering,T.Y.B.Tech
112110080,MUNOT ANISH DINESH,Male,7720088417,munotad21.mech@coeptech.ac.in,Mechanical Engineering,T.Y.B.Tech
112110081,MURMUDE DHIRAJ PANDIT,Male,9373395977,murmudedp21.mech@coeptech.ac.in,Mechanical Engineering,T.Y.B.Tech
112110083,NAGARALE KUNAL VIRENDRA,Male,9421772771,nagaralekv21.mech@coeptech.ac.in,Mechanical Engineering,T.Y.B.Tech
112110084,NARKHEDE VAIBHAV AJAY,Male,9175902225,narkhedeva21.mech@coeptech.ac.in,Mechanical Engineering,T.Y.B.Tech
112110085,NEHE OM CHANGDEV,Male,9356706727,neheoc21.mech@coeptech.ac.in,Mechanical Engineering,T.Y.B.Tech
112110086,NESARIKAR ANUSHKA VIVEK,Female,9657609919,nesarikarav21.mech@coeptech.ac.in,Mechanical Engineering,T.Y.B.Tech
112110087,NIKHATE BHAKTI BHIMRAO,Female,9561244421,nikhatebb21.mech@coeptech.ac.in,Mechanical Engineering,T.Y.B.Tech
112110088,NISHANT JADKAR,Male,9870407926,nishantj21.mech@coeptech.ac.in,Mechanical Engineering,T.Y.B.Tech
112110090,PANDYA KRUTIKA OMKAR,Female,8484896072,pandyako21.mech@coeptech.ac.in,Mechanical Engineering,T.Y.B.Tech
112110091,PARMAR STUTI AMIT,Female,7208405326,parmarsa21.mech@coeptech.ac.in,Mechanical Engineering,T.Y.B.Tech
112110092,PATIL CHETAN RAJESH,Male,7719052221,patilcr21.mech@coeptech.ac.in,Mechanical Engineering,T.Y.B.Tech
112110093,PATIL PRASAD PRADEEP,Male,8879601912,patilpp21.mech@coeptech.ac.in,Mechanical Engineering,T.Y.B.Tech
112110094,PATIL RAJLAXMI PRAKASH,Female,8999266033,patilrp21.mech@coeptech.ac.in,Mechanical Engineering,T.Y.B.Tech
112110095,PATIL SEJAL ANIL,Female,8975587923,sejalap21.mech@coeptech.ac.in,Mechanical Engineering,T.Y.B.Tech
112110096,PATIL SRUSHTI AVINASH,Female,9970168488,patilsa21.mech@coeptech.ac.in,Mechanical Engineering,T.Y.B.Tech
112110099,PAWAR DIGVIJAY DADASAHEB,Male,8329097331,pawardd21.mech@coeptech.ac.in,Mechanical Engineering,T.Y.B.Tech
112110100,PAWAR KSHITIJA RAJESHKUMAR,Female,8177922517,pawarkr21.mech@coeptech.ac.in,Mechanical Engineering,T.Y.B.Tech
112110101,PAWAR RAVI SHEKHAR,Male,9371512750,pawarrs21.mech@coeptech.ac.in,Mechanical Engineering,T.Y.B.Tech
112110102,PETHKAR SHIVASHISH ANANDRAO,Male,8055618974,pethkarsa21.mech@coeptech.ac.in,Mechanical Engineering,T.Y.B.Tech
112110103,PHALTANKAR VARAD SUNIL,Male,8180016897,phaltankarvs21.mech@coeptech.ac.in,Mechanical Engineering,T.Y.B.Tech
112110104,PHONDKE PURVESH SURESH,Male,8433854253,phondkeps21.mech@coeptech.ac.in,Mechanical Engineering,T.Y.B.Tech
112110105,PHUKE KANAD RAHUL,Male,7498553375,phukekr21.mech@coeptech.ac.in,Mechanical Engineering,T.Y.B.Tech
112110106,POL OMKAR ATUL,Male,9172458429,poloa21.mech@coeptech.ac.in,Mechanical Engineering,T.Y.B.Tech
112110107,POTDAR ADITYA RAVINDRA,Male,9209277887,potdarar21.mech@coeptech.ac.in,Mechanical Engineering,T.Y.B.Tech
112110109,PRATHVIRAJ MAHESH CHAVAN,Male,8888688807,prathvirajmc21.mech@coeptech.ac.in,Mechanical Engineering,T.Y.B.Tech
112110110,RAGHAV NAGPAL,Male,8983727899,raghavn21.mech@coeptech.ac.in,Mechanical Engineering,T.Y.B.Tech
112110111,RAJ BASAVARAJ SAKHARE,Male,8637769576,rajbs21.mech@coeptech.ac.in,Mechanical Engineering,T.Y.B.Tech
112110112,RAJPUT NEHA ARUN,Female,7020750351,rajputna21.mech@coeptech.ac.in,Mechanical Engineering,T.Y.B.Tech
112110113,RAJPUT VIJAYSINGH UDAYSINGH,Male,9545549002,rajputvu21.mech@coeptech.ac.in,Mechanical Engineering,T.Y.B.Tech
112110115,RATHOD RAHUL RAMESH,Male,9022423600,rathodrr21.mech@coeptech.ac.in,Mechanical Engineering,T.Y.B.Tech
112110117,SANSKRITI OMRE,Female,8830300760,sanskritio21.mech@coeptech.ac.in,Mechanical Engineering,T.Y.B.Tech
112110120,SHAHANE ATHARVA ARUN,Male,9422461636,shahaneaa21.mech@coeptech.ac.in,Mechanical Engineering,T.Y.B.Tech
112110121,SHALU ANUSHKA ASHISH,Female,8308881204,shaluaa21.mech@coeptech.ac.in,Mechanical Engineering,T.Y.B.Tech
112110122,SHEWALE SHARDUL SHAILENDRA,Male,7875354553,shewaless21.mech@coeptech.ac.in,Mechanical Engineering,T.Y.B.Tech
112110124,SHUBHAM INGOLE,Male,8788667537,shubhami21.mech@coeptech.ac.in,Mechanical Engineering,T.Y.B.Tech
112110127,SOUMYA KOTANGALE,Female,7666891395,soumyak21.mech@coeptech.ac.in,Mechanical Engineering,T.Y.B.Tech
112110129,SUTAR SANIYA MAHAMADHANIF,Female,9373792296,sutarsm21.mech@coeptech.ac.in,Mechanical Engineering,T.Y.B.Tech
112110130,SWAMI YOGESHWARI REVANSIDH,Female,9356816339,swamiyr21.mech@coeptech.ac.in,Mechanical Engineering,T.Y.B.Tech
112110131,TALPADE UTKARSHA SURESH,Female,8446596808,talpadeus21.mech@coeptech.ac.in,Mechanical Engineering,T.Y.B.Tech
112110132,TAMHANE NIKITA SUSHEEL,Female,9892797310,tamhanens21.mech@coeptech.ac.in,Mechanical Engineering,T.Y.B.Tech
112110133,TANGADPALLIWAR MONI MALLESH,Female,8080504406,tangadpalliwarmm21.mech@coeptech.ac.in,Mechanical Engineering,T.Y.B.Tech
112110134,THAKARE ASHAY PRADEEP,Male,9356758663,thakareap21.mech@coeptech.ac.in,Mechanical Engineering,T.Y.B.Tech
112110135,THAKARE SUYOG RAMESH,Male,7498121762,thakaresr21.mech@coeptech.ac.in,Mechanical Engineering,T.Y.B.Tech
112110136,THAKUR ANUSHREE ULHASRAO,Female,9518590038,thakurau21.mech@coeptech.ac.in,Mechanical Engineering,T.Y.B.Tech
112110137,THATTE ISHWARI HARISH,Female,8625058398,thatteih21.mech@coeptech.ac.in,Mechanical Engineering,T.Y.B.Tech
112110138,TIKATE SANTOSHKUMAR SUBHASH,Male,9356233637,tikatess21.mech@coeptech.ac.in,Mechanical Engineering,T.Y.B.Tech
112110139,TUMME MRUNMAI MAHESH,Female,9356893975,tummemm21.mech@coeptech.ac.in,Mechanical Engineering,T.Y.B.Tech
112110140,VAIRALE SAWRI SUNIL,Female,9970356561,vairaless21.mech@coeptech.ac.in,Mechanical Engineering,T.Y.B.Tech
112110141,VANASKAR PIYUSH VILAS,Male,7741038083,vanaskarpv21.mech@coeptech.ac.in,Mechanical Engineering,T.Y.B.Tech
112110142,VHASKOTI UTKARSH ANAND,Male,8390420378,vhaskotiua21.mech@coeptech.ac.in,Mechanical Engineering,T.Y.B.Tech
112110143,VIRKAR NUTAN ANANT,Female,8767698346,virkarna21.mech@coeptech.ac.in,Mechanical Engineering,T.Y.B.Tech
112110144,WAGH SAMEER SANJAY,Male,8600680133,waghss21.mech@coeptech.ac.in,Mechanical Engineering,T.Y.B.Tech
112110145,WAGHULDE YASH GOPAL,Male,8007613678,waghuldeyg21.mech@coeptech.ac.in,Mechanical Engineering,T.Y.B.Tech
112110146,WANGADE SHANTANU SHYAM,Male,8788489046,wangadess21.mech@coeptech.ac.in,Mechanical Engineering,T.Y.B.Tech
112110147,ZANWAR MANAS LAXMIKANT,Male,8055907123,zanwarml21.mech@coeptech.ac.in,Mechanical Engineering,T.Y.B.Tech
112110148,SAIKISHORE SANJEEVKUMAR NAIDU,Male,8888731103,naiduss21.mech@coeptech.ac.in,Mechanical Engineering,T.Y.B.Tech
112110150,VIRAJ BAKSHI,Male,7400192344,bakshiv21.mech@coeptech.ac.in,Mechanical Engineering,T.Y.B.Tech
112110151,KULKARNI SHREYAS VINAYAK,Male,9022565910,kulkarnisv21.mech@coeptech.ac.in,Mechanical Engineering,T.Y.B.Tech
112111009,BELOTE SHRUTIKA DADABHAU,Female,9049271966,belotesd21.mech@coeptech.ac.in,Mechanical Engineering,T.Y.B.Tech
112113035,KUTTY HRIDHAY BIJU,Male,6362385067,kuttyhb21.mech@coeptech.ac.in,Mechanical Engineering,T.Y.B.Tech
142210001,BAJI VEDANT AVADHOOT,Male,7796855451,bajiva22.mech@coeptech.ac.in,Mechanical Engineering,T.Y.B.Tech
142210002,BORA KARAN SANJAY,Male,8104509305,boraks22.mech@coeptech.ac.in,Mechanical Engineering,T.Y.B.Tech
142210003,DESHMUKH SHRAVANI SATISHRAO,Female,7875085737,deshmukhss22.mech@coeptech.ac.in,Mechanical Engineering,T.Y.B.Tech
142210004,DHURVE SOHAM SANJAY,Male,8999840383,dhurvess22.mech@coeptech.ac.in,Mechanical Engineering,T.Y.B.Tech
142210005,GADHAVE VISHAL MACHHINDRA,Male,7666202833,gadhavevm22.mech@coeptech.ac.in,Mechanical Engineering,T.Y.B.Tech
142210006,GANDE NIKITA VITTHAL,Female,9309597553,gandenv22.mech@coeptech.ac.in,Mechanical Engineering,T.Y.B.Tech
142210007,GATE OM AJIT,Male,9022120063,gateoa22.mech@coeptech.ac.in,Mechanical Engineering,T.Y.B.Tech
142210008,GAWHALE VITTHAL NARAYAN,Male,9022998644,gawhalevn22.mech@coeptech.ac.in,Mechanical Engineering,T.Y.B.Tech
142210009,HARINKHEDE PRATIK TEJRAM,Male,7820861897,harinkhedept22.mech@coeptech.ac.in,Mechanical Engineering,T.Y.B.Tech
142210010,JAMADAR SAMEERA RAFEEQUE,Female,9665469621,jamadarsr22.mech@coeptech.ac.in,Mechanical Engineering,T.Y.B.Tech
142210011,KHILLARE SAKSHI YADAVRAO,Female,7757023028,khillaresy22.mech@coeptech.ac.in,Mechanical Engineering,T.Y.B.Tech
142210012,KOTWAL MEHUL MANOJ,Male,7558360698,kotwalmm22.mech@coeptech.ac.in,Mechanical Engineering,T.Y.B.Tech
142210013,NIMJE ACHAL ISHWAR,Female,8624083201,nimjeai22.mech@coeptech.ac.in,Mechanical Engineering,T.Y.B.Tech
142210014,PALASKAR PAVAN BABASAHEB,Male,8806496641,palaskarpb22.mech@coeptech.ac.in,Mechanical Engineering,T.Y.B.Tech
142210015,PATIL ANJALI KIRANSINGH,Female,8657288696,anjalip22.mech@coeptech.ac.in,Mechanical Engineering,T.Y.B.Tech
142210017,SAWALKAR ADITYA PRAMOD,Male,8855064287,sawalkarap22.mech@coeptech.ac.in,Mechanical Engineering,T.Y.B.Tech
142210019,TALWAR RUSHEEKESH BALASO,Male,9373443285,talwarrb22.mech@coeptech.ac.in,Mechanical Engineering,T.Y.B.Tech
142210020,WANGE ANIKET ANILPANT,Male,8459949586,wangeaa22.mech@coeptech.ac.in,Mechanical Engineering,T.Y.B.Tech
142111002,KENGALE KARAN KESHAV,Male,9527509233,kengalekk21.meta@coeptech.ac.in,Metallurgical Engineering,T.Y.B.Tech
112111001,AAYUSH SAMIT DESAI,Male,8766008910,aayushsd21.meta@coeptech.ac.in,Metallurgy and Materials Technology,T.Y.B.Tech
112111002,AGGARWAL JAI SUNIL,Male,9766215401,aggarwaljs21.meta@coeptech.ac.in,Metallurgy and Materials Technology,T.Y.B.Tech
112111003,AHIRE ROHIT ASHOK,Male,9689464124,ahirera21.meta@coeptech.ac.in,Metallurgy and Materials Technology,T.Y.B.Tech
112111005,AMAN RAJU KADU,Male,8237557631,amanrk21.meta@coeptech.ac.in,Metallurgy and Materials Technology,T.Y.B.Tech
112111006,ANSARI MOHAMMED UMAIR MOHAMMED IBRAHIM,Male,8888436833,ansarimu21.meta@coeptech.ac.in,Metallurgy and Materials Technology,T.Y.B.Tech
112111007,BANSOD ROHAN RAJENDRAKUMAR,Male,8010820106,bansodrr21.meta@coeptech.ac.in,Metallurgy and Materials Technology,T.Y.B.Tech
112111008,BANSUDE SIDDHANT SUNIL,Male,9370889896,bansudess21.meta@coeptech.ac.in,Metallurgy and Materials Technology,T.Y.B.Tech
112111011,CHARHATE SANKET ASARAM,Male,9373146315,charhatesa21.meta@coeptech.ac.in,Metallurgy and Materials Technology,T.Y.B.Tech
112111012,DATE MALHAR SACHIN,Male,8830732169,datems21.meta@coeptech.ac.in,Metallurgy and Materials Technology,T.Y.B.Tech
112111015,DHOKANE ATHARVA BABASAHEB,Male,8237782369,dhokaneab21.meta@coeptech.ac.in,Metallurgy and Materials Technology,T.Y.B.Tech
112111017,GANJE NILESH NAGNATH,Male,7744806525,ganjenn21.meta@coeptech.ac.in,Metallurgy and Materials Technology,T.Y.B.Tech
112111018,GHULE SAKSHI SITARAM,Female,9146528055,ghuless21.meta@coeptech.ac.in,Metallurgy and Materials Technology,T.Y.B.Tech
112111019,GUDHE RUCHITA SUDHAKAR,Female,7058865019,gudhers21.meta@coeptech.ac.in,Metallurgy and Materials Technology,T.Y.B.Tech
112111020,HAGAWANE ARYA RAJESH,Male,9022716355,hagawanear21.meta@coeptech.ac.in,Metallurgy and Materials Technology,T.Y.B.Tech
112111021,PATIL SANIKA MADAN,Female,9405902188,hagawanesm21.meta@coeptech.ac.in,Metallurgy and Materials Technology,T.Y.B.Tech
112111022,INGALE SHREYASH SHRAVAN,Male,7304588486,ingaless21.meta@coeptech.ac.in,Metallurgy and Materials Technology,T.Y.B.Tech
112111025,JANGITWAR ABOLI MANISH,Female,9309816463,jangitwaram21.meta@coeptech.ac.in,Metallurgy and Materials Technology,T.Y.B.Tech
112111026,KADAM GAURI KAILAS,Female,9511256588,kadamgk21.meta@coeptech.ac.in,Metallurgy and Materials Technology,T.Y.B.Tech
112111027,KAJIRNEKAR ABHISHEK BALASO,Male,9284875939,kajirnekarab21.meta@coeptech.ac.in,Metallurgy and Materials Technology,T.Y.B.Tech
112111028,KALE SUMIT NARENDRA,Male,7276332407,kalesn21.meta@coeptech.ac.in,Metallurgy and Materials Technology,T.Y.B.Tech
112111029,KANE YASH UNMESH,Male,7875311797,kaneyu21.meta@coeptech.ac.in,Metallurgy and Materials Technology,T.Y.B.Tech
112111030,KANISHKA SHUBHAKSHI,Female,7387408880,kanishkas21.meta@coeptech.ac.in,Metallurgy and Materials Technology,T.Y.B.Tech
112111032,KULKARNI ARYA MANOJ,Female,8828057974,kulkarniam21.meta@coeptech.ac.in,Metallurgy and Materials Technology,T.Y.B.Tech
112111033,KULKARNI RAGHAVENDRA VIKAS,Male,7350590996,kulkarnirv21.meta@coeptech.ac.in,Metallurgy and Materials Technology,T.Y.B.Tech
112111035,LOKHANDE KHETALI JIVAN,Female,8237117811,lokhandekj21.meta@coeptech.ac.in,Metallurgy and Materials Technology,T.Y.B.Tech
112111036,MALODE RASIKA SANJAY,Female,9764441488,maloders21.meta@coeptech.ac.in,Metallurgy and Materials Technology,T.Y.B.Tech
112111037,MANE PRATHAMESH BALASAHEB,Male,8262079670,manepb21.meta@coeptech.ac.in,Metallurgy and Materials Technology,T.Y.B.Tech
112111038,MORE SAGAR GOVIND,Male,7666202364,moresg21.meta@coeptech.ac.in,Metallurgy and Materials Technology,T.Y.B.Tech
112111040,NIKAM SHRAVANI PRAMOD,Female,7350274097,nikamsp21.meta@coeptech.ac.in,Metallurgy and Materials Technology,T.Y.B.Tech
112111041,PADALKAR TANISHKA DATTATRAYA,Female,8007768670,padalkartd21.meta@coeptech.ac.in,Metallurgy and Materials Technology,T.Y.B.Tech
112111042,PADAMWAR OJAL HEMANT,Female,9324625102,padamwaroh21.meta@coeptech.ac.in,Metallurgy and Materials Technology,T.Y.B.Tech
112111045,PAWAR SANIKA SHIRISH,Female,9359328854,pawarss21.meta@coeptech.ac.in,Metallurgy and Materials Technology,T.Y.B.Tech
112111047,PUNWATKAR KARAN PARASRAM,Male,7218074317,punwatkarkp21.meta@coeptech.ac.in,Metallurgy and Materials Technology,T.Y.B.Tech
112111049,RANSING ANKIT RAVINDRA,Male,8484900204,ransingar21.meta@coeptech.ac.in,Metallurgy and Materials Technology,T.Y.B.Tech
112111050,RIYA PREMRAJ GOHATE,Female,7448178741,riyapg21.meta@coeptech.ac.in,Metallurgy and Materials Technology,T.Y.B.Tech
112111052,SAKALA SALONI SAMEER,Female,9022820554,sakalass21.meta@coeptech.ac.in,Metallurgy and Materials Technology,T.Y.B.Tech
112111053,SARDA POOJA RAMESH,Female,8805390925,sardapr21.meta@coeptech.ac.in,Metallurgy and Materials Technology,T.Y.B.Tech
112111055,SHIRODKAR SANKET PRAMOD,Male,9112740601,shirodkarsp21.meta@coeptech.ac.in,Metallurgy and Materials Technology,T.Y.B.Tech
112111056,SHIRSATH PRAJWAL JAY,Male,7559370170,shirsathpj21.meta@coeptech.ac.in,Metallurgy and Materials Technology,T.Y.B.Tech
112111057,SHIVANJALI SAMBHAJI GUNJAL,Female,9923358007,shivanjalisg21.meta@coeptech.ac.in,Metallurgy and Materials Technology,T.Y.B.Tech
112111059,SOHAM SINKAR,Male,7720006508,sohams21.meta@coeptech.ac.in,Metallurgy and Materials Technology,T.Y.B.Tech
112111060,SONI MRINAL BHARAT,Male,7021395327,sonimb21.meta@coeptech.ac.in,Metallurgy and Materials Technology,T.Y.B.Tech
112111061,SWAPNIL LAXMAN BHURBHURE,Male,8208535419,swapnillb21.meta@coeptech.ac.in,Metallurgy and Materials Technology,T.Y.B.Tech
112111062,TALOKAR SWARAJ VIJAY,Male,9503934684,talokarsv21.meta@coeptech.ac.in,Metallurgy and Materials Technology,T.Y.B.Tech
112111064,TEJAS NIRANJAN GAJBHE,Male,9511937530,tejasng21.meta@coeptech.ac.in,Metallurgy and Materials Technology,T.Y.B.Tech
112111065,UGE ABHINAV VILAS,Male,7410129690,ugeav21.meta@coeptech.ac.in,Metallurgy and Materials Technology,T.Y.B.Tech
112111066,VITALKAR SAMYAK SANJAY,Male,7410028298,vitalkarss21.meta@coeptech.ac.in,Metallurgy and Materials Technology,T.Y.B.Tech
112111067,ADHYAPAK ADITYA PARAG,Male,8624846082,adhyapakap21.meta@coeptech.ac.in,Metallurgy and Materials Technology,T.Y.B.Tech
112111068,DHRUV GOYAL,Male,7304176943,goyalds21.meta@coeptech.ac.in,Metallurgy and Materials Technology,T.Y.B.Tech
112111070,NEWASE PARTH SACHIN,Male,9527996919,newasesp21.meta@coeptech.ac.in,Metallurgy and Materials Technology,T.Y.B.Tech
112111071,PADWAL PRAJWAL PRASHANTKUMAR,Male,9307162427,padwalpp21.meta@coeptech.ac.in,Metallurgy and Materials Technology,T.Y.B.Tech
112111072,PATIL SAMRUDDHI SURESH,Female,7972937152,patilss21.meta@coeptech.ac.in,Metallurgy and Materials Technology,T.Y.B.Tech
112111073,PRATHAMESH SHRIKANT RAUT,Male,7058294907,rautsp21.meta@coeptech.ac.in,Metallurgy and Materials Technology,T.Y.B.Tech
142211001,BHADAKE TEJASVI BHARAT,Female,8799911806,bhadaketb22.meta@coeptech.ac.in,Metallurgy and Materials Technology,T.Y.B.Tech
142211002,DOLASKAR HARSHAL DNYANESHWAR,Male,7498061303,dolaskarhd22.meta@coeptech.ac.in,Metallurgy and Materials Technology,T.Y.B.Tech
142211004,GAJBHIYE ADITYA MANISH,Male,9970737322,gajbhiyeam22.meta@coeptech.ac.in,Metallurgy and Materials Technology,T.Y.B.Tech
142211005,HIRNAWALE ADITYA RAJESH,Male,9823591997,hirnawalear22.meta@coeptech.ac.in,Metallurgy and Materials Technology,T.Y.B.Tech
142211006,JAMBLE ABHIJEET MANIK,Male,8459887104,jambleam22.meta@coeptech.ac.in,Metallurgy and Materials Technology,T.Y.B.Tech
142211007,KADAM VAISHNAVI KASHINATHRAO,Female,9022718260,kadamvk22.meta@coeptech.ac.in,Metallurgy and Materials Technology,T.Y.B.Tech
142211008,RASAL SIDDHESHWAR NIVRUTI,Male,9011764522,rasalsn22.meta@coeptech.ac.in,Metallurgy and Materials Technology,T.Y.B.Tech
142211009,SALVE MAHIND JAYANT,Male,9096680485,salvemj22.meta@coeptech.ac.in,Metallurgy and Materials Technology,T.Y.B.Tech
142211010,SHIVRAJ RAJENDRA CHOUGULE,Male,9168383559,shivrajrc22.meta@coeptech.ac.in,Metallurgy and Materials Technology,T.Y.B.Tech
142211011,GOREWAR PREETI TULSHIDAS,Female,7378646823,gorewarpt22.meta@coeptech.ac.in,Metallurgy and Materials Technology,T.Y.B.Tech
142211012,KORDE SUMIT SURENDRA,Male,7875636890,kordess22.meta@coeptech.ac.in,Metallurgy and Materials Technology,T.Y.B.Tech
142211013,ZORE MARUTI BABURAO,Male,9921548294,zoremb22.meta@coeptech.ac.in,Metallurgy and Materials Technology,T.Y.B.Tech
111914049,MISAL SANKET PARASHURAM,Male,9529079976,misalsp19.plan@coeptech.ac.in,Planning,T.Y.B.Plan
111914056,ANSHUMAN SONAWANE,Male,0,sonawaneas19.plan@coeptech.ac.in,Planning,T.Y.B.Plan
112014021,MESHRAM RITIKA SURESH,Female,8767519767,meshramrs20.plan@coeptech.ac.in,Planning,T.Y.B.Plan
112114002,NIDHI CHANDRAKANT DESHPANDE,Female,9309834328,deshpandenc21.plan@coeptech.ac.in,Planning,T.Y.B.Plan
112114003,SALUNKHE SARVESH SANJAY,Male,7558635753,salunkhess21.plan@coeptech.ac.in,Planning,T.Y.B.Plan
112114004,SHENDE YASH GHANSHAM,Male,9021387543,shendeyg21.plan@coeptech.ac.in,Planning,T.Y.B.Plan
112114005,YADNESH JAYANT SHASTRI,Male,9146385925,shashtriyj21.plan@coeptech.ac.in,Planning,T.Y.B.Plan
